Nama/Inisial,Jenis Kelamin,Usia,Pekerjaan,Penghasilan,Sudah berapa lama Anda menggunakan layanan ride hailing?,Seberapa sering Anda menggunakan layanan ride hailing?,Saya bersedia menggunakan layanan ride-hailing dari Gojek untuk mendukung pertumbuhan ekonomi lokal,Saya merasa puas terhadap kebijakan tarif dan layanan dari Gojek,Saya setuju bahwa menggunakan layanan ride-hailing dari Gojek dapat memberikan dampak positif bagi mobilitas kota dan lingkungan,"Saya percaya bahwa keluarga, teman, dan kolega Saya berpikir bahwa Saya seharusnya menggunakan layanan ride-hailing dari Gojek",Saya memiliki kemauan untuk mengikuti harapan orang-orang terdekat Saya dalam menggunakan layanan ride-hailing dari Gojek,Saya memiliki tekanan yang dari orang lain untuk menggunakan atau tidak menggunakan layanan ride-hailing dari Gojek,Saya yakin bahwa Saya dapat menggunakan layanan ride hailing meskipun ada kendala teknis atau kendala lainnya,Saya percaya bahwa faktor eksternal seperti ketersediaan armada atau kondisi lalu lintas mempengaruhi penggunaan Saya terhadap layanan ride hailing,Keputusan untuk menggunakan/tidak menggunakan layanan ride hailing adalah sepenuhnya keputusan saya,Layanan ride hailing dari  Gojek  ini menawarkan lebih banyak diskon daripada alternatif lain yang tersedia,Layanan ride hailing dari Gojek  ini membantu saya menghemat waktu dalam perjalanan dibandingkan dengan alternatif lain yang tersedia,Layanan Ride Hailing dari Gojek ini juga menyediakan beragam pilihan layanan lain dalam perjalanan,Menggunakan layanan ride hailing dari Gojek sesuai dengan gaya hidup saya,Menggunakan layanan ride hailing dari Gojek konsisten dengan nilai-nilai dan kebutuhan saya,Menggunakan layanan ride hailing dari Gojek cocok dengan rutinitas harian saya,Menggunakan layanan ride hailing dari Gojek tidak memerlukan technical skills yang tinggi,Menggunakan layanan ride hailing dari Gojek tidak memerlukan mental effort yang besar,Antarmuka (tampilan) dari aplikasi layanan ride sharing dari Gojek mudah dipahami,Saya berharap dapat menggunakan aplikasi layanan ride hailing dari Gojek,Saya memiliki niat untuk berpartisipasi dalam menggunakan aplikasi layanan ride hailing ,Saya memiliki kecenderungan besar untuk memakai aplikasi layanan ride sharing dari Gojek,Aplikasi layanan ride sharing dari Gojek yang saya gunakan sangat berarti bagi saya,Saya dapat menentukan sendiri bagaimana cara menggunakan aplikasi layanan ride sharing dari Gojek,Saya memiliki pengaruh yang signifikan terhadap apa yang terjadi dalam komunitas/sistem ini (Gojek),Saya mempunyai pengetahuan yang cukup untuk dapat menggunakan aplikasi layanan ride sharing dari Gojek,Saya yakin akan kemampuan saya untuk menggunakan aplikasi layanan ride sharing dari Gojek,Saya percaya diri dalam kemampuan saya untuk menggunakan aplikasi layanan ride sharing dari Gojek,Saya merasa menggunakan layanan ride hailing dari Gojek merupakan hal yang penting bagi saya,Saya merasa layanan ride hailing dari Gojek merupakan suatu hal yang bernilai bagi saya,Saya merasa menggunakan layanan ride hailing dari Gojek merupakan suatu hal yang bernilai bagi saya secara personal,Saya merasakan impact menggunakan layanan ride hailing dari Gojek dalam pekerjaan saya.,Saya merasa penggunaan layanan ride hailing dari Gojek membantu dalam pekerjaan saya,Saya merasa menggunakan layanan ride hailing dari Gojek meningkatkan kontrol terhadap pekerjaan saya,Saya memiliki kewenangan atas penggunaan layanan ride hailing dari Gojek,Saya memiliki kebebasan dalam menggunakan layanan ride hailing dari Gojek,Saya dapat menentukan cara saya sendiri dalam menggunakan layanan ride hailing dari Gojek
SS,Laki-Laki,17 - 25 tahun,Mahasiswa,< Rp1.000.000,> 2 tahun,4 - 6 dalam seminggu,1,3,3,1,5,3,1,4,1,2,3,5,3,3,2,2,5,5,5,4,4,3,5,5,4,1,3,3,2,3,1,4,3,4,2,5
jD,Perempuan,17 - 25 tahun,Mahasiswa,< Rp1.000.000,< 1 bulan,1 kali dalam sehari,5,5,4,5,5,3,5,5,5,5,5,4,5,5,4,4,4,4,5,5,5,5,4,5,4,1,4,5,4,5,4,5,4,5,4,5
vR,Laki-Laki,17 - 25 tahun,Mahasiswa,< Rp1.000.000,< 1 bulan,1 - 3 dalam seminggu,5,2,2,4,2,1,2,3,4,2,2,2,4,5,4,4,2,1,5,4,1,1,3,1,1,1,4,2,3,5,2,2,3,5,5,1
MVS,Perempuan,17 - 25 tahun,Mahasiswa,< Rp1.000.000,> 2 tahun,4 - 6 dalam seminggu,5,5,4,4,4,3,4,5,5,4,5,5,4,4,5,5,5,5,5,5,4,5,5,5,4,1,5,5,4,4,4,4,4,5,5,5
JM,Perempuan,17 - 25 tahun,Mahasiswa,< Rp1.000.000,1 - 2 tahun,Kurang dari 1 kali dalam seminggu,4,4,4,5,5,1,4,5,4,5,4,4,5,4,4,5,5,4,4,5,4,5,5,4,4,5,4,5,4,4,5,5,4,4,4,4
AS,Perempuan,17 - 25 tahun,Mahasiswa,< Rp1.000.000,1 - 6 bulan,1 kali dalam sehari,4,5,4,4,5,1,5,5,5,4,5,4,5,4,4,5,5,5,4,4,5,5,5,4,5,4,4,5,4,4,5,5,4,4,5,4
gc,Perempuan,17 - 25 tahun,Mahasiswa,< Rp1.000.000,< 1 bulan,4 - 6 dalam seminggu,5,4,4,4,4,3,4,4,4,4,5,4,5,4,4,5,5,4,5,5,5,4,4,5,5,4,5,4,5,4,5,5,4,4,5,4
Ep,Laki-Laki,17 - 25 tahun,Mahasiswa,< Rp1.000.000,1 - 2 tahun,4 - 6 dalam seminggu,5,4,4,5,5,3,4,5,5,5,4,4,5,5,4,4,5,4,4,4,5,4,4,5,4,4,4,5,5,4,4,5,5,4,4,5
jK,Perempuan,17 - 25 tahun,Karyawan Swasta,Rp1.000.001 - Rp5.000.000,7 - 12 bulan,1 - 3 dalam seminggu,1,2,2,5,5,1,1,4,3,4,2,3,4,4,5,5,5,1,1,2,1,5,4,5,1,1,1,2,3,2,2,3,5,5,5,5
ss,Laki-Laki,17 - 25 tahun,Mahasiswa,< Rp1.000.000,< 1 bulan,Kurang dari 1 kali dalam seminggu,5,5,5,5,4,3,4,5,5,4,5,4,4,4,5,4,5,5,4,4,4,5,5,5,4,4,4,4,5,4,4,4,4,5,5,5
dDwM,Laki-Laki,17 - 25 tahun,Mahasiswa,< Rp1.000.000,1 - 2 tahun,Lebih dari 1 kali dalam sehari,5,5,4,4,4,1,4,4,5,5,4,5,5,5,4,4,5,5,5,5,4,5,5,5,4,4,4,4,4,5,4,4,5,4,5,4
RK,Laki-Laki,>45 tahun,Wiraswasta,> Rp15.000.000,> 2 tahun,Lebih dari 1 kali dalam sehari,4,4,5,1,2,1,1,3,2,4,1,2,5,3,2,3,1,2,2,2,2,3,3,1,3,5,1,2,4,1,2,4,3,5,1,4
Of,Perempuan,>45 tahun,Tidak bekerja,< Rp1.000.000,1 - 2 tahun,Kurang dari 1 kali dalam seminggu,4,4,2,2,1,3,5,3,4,4,3,2,2,2,3,2,3,4,3,1,4,5,2,5,5,1,5,2,4,3,1,2,2,1,4,2
RGd,Perempuan,17 - 25 tahun,Mahasiswa,< Rp1.000.000,7 - 12 bulan,4 - 6 dalam seminggu,5,4,4,4,4,3,4,4,4,5,4,5,5,5,5,5,5,4,4,4,5,4,4,4,5,5,4,5,4,5,4,4,4,5,4,4
RS,Perempuan,17 - 25 tahun,Mahasiswa,< Rp1.000.000,> 2 tahun,1 - 3 dalam seminggu,4,4,4,4,5,1,5,4,5,5,5,4,4,5,4,4,5,4,5,5,5,5,4,5,5,5,4,4,4,5,5,4,5,5,4,4
ab,Perempuan,17 - 25 tahun,Mahasiswa,< Rp1.000.000,> 2 tahun,1 - 3 dalam seminggu,5,5,5,4,5,3,4,4,4,4,4,5,5,4,5,4,4,5,5,4,4,4,5,5,5,4,4,4,5,5,5,5,5,4,5,5
CeD,Laki-Laki,17 - 25 tahun,Mahasiswa,< Rp1.000.000,> 2 tahun,Kurang dari 1 kali dalam seminggu,4,5,4,5,5,1,5,5,4,4,4,4,4,5,4,5,4,4,4,5,4,4,5,4,5,3,5,5,4,4,5,5,4,4,5,4
ss,Perempuan,17 - 25 tahun,Mahasiswa,< Rp1.000.000,7 - 12 bulan,1 kali dalam sehari,5,4,4,1,1,1,2,4,5,2,1,4,5,3,1,5,3,3,1,3,5,4,4,3,2,1,5,1,1,2,5,5,1,1,4,1
bK,Laki-Laki,17 - 25 tahun,Mahasiswa,< Rp1.000.000,1 - 6 bulan,Lebih dari 1 kali dalam sehari,4,4,4,4,4,3,4,5,5,4,4,4,5,5,4,5,5,5,4,4,4,5,4,4,5,4,5,5,4,5,5,5,5,4,4,5
SD,Laki-Laki,17 - 25 tahun,Mahasiswa,< Rp1.000.000,> 2 tahun,1 - 3 dalam seminggu,5,4,4,4,5,2,2,1,5,1,1,5,5,1,3,1,2,5,1,5,4,2,1,3,2,4,3,2,2,5,2,5,5,1,4,1
jm,Perempuan,17 - 25 tahun,Mahasiswa,< Rp1.000.000,< 1 bulan,4 - 6 dalam seminggu,3,3,3,4,5,2,4,1,5,5,5,5,1,2,5,5,3,1,5,2,2,5,3,5,3,3,3,3,3,4,3,1,1,1,5,1
dfH,Perempuan,>45 tahun,Tidak bekerja,< Rp1.000.000,1 - 2 tahun,Kurang dari 1 kali dalam seminggu,1,1,5,2,2,5,3,4,3,5,5,2,2,4,1,4,2,5,1,4,1,5,4,5,3,3,5,2,5,5,5,1,1,2,1,2
wn,Perempuan,17 - 25 tahun,Mahasiswa,< Rp1.000.000,< 1 bulan,4 - 6 dalam seminggu,4,5,4,4,5,1,4,5,4,5,5,5,5,4,5,5,4,4,4,5,4,4,4,5,5,5,5,4,4,5,5,4,5,4,4,4
bw,Perempuan,17 - 25 tahun,Mahasiswa,< Rp1.000.000,< 1 bulan,4 - 6 dalam seminggu,3,5,2,4,5,1,3,5,5,5,4,3,5,2,5,3,5,5,1,3,5,5,5,1,4,5,4,3,3,3,1,3,4,3,4,4
bb,Laki-Laki,17 - 25 tahun,Mahasiswa,< Rp1.000.000,1 - 6 bulan,4 - 6 dalam seminggu,3,5,4,2,1,2,1,3,4,5,1,1,3,3,2,1,3,3,5,2,4,2,4,2,1,1,2,1,3,5,1,1,2,3,4,4
lS,Perempuan,17 - 25 tahun,Mahasiswa,< Rp1.000.000,1 - 6 bulan,4 - 6 dalam seminggu,4,4,5,5,4,1,5,5,4,3,2,5,2,5,4,1,4,4,5,5,4,5,2,1,2,2,5,4,2,5,5,5,4,5,4,3
jl,Perempuan,17 - 25 tahun,Mahasiswa,< Rp1.000.000,1 - 6 bulan,4 - 6 dalam seminggu,4,5,4,5,5,2,5,5,4,5,5,4,5,5,4,4,4,4,4,4,5,4,5,4,5,5,2,4,5,4,5,4,4,4,4,3
wk,Perempuan,17 - 25 tahun,Mahasiswa,< Rp1.000.000,7 - 12 bulan,1 - 3 dalam seminggu,4,4,2,3,5,1,2,5,4,1,2,4,1,3,3,5,4,5,5,4,4,1,3,3,1,1,1,1,5,4,4,4,2,5,4,3
WMM,Perempuan,17 - 25 tahun,Mahasiswa,< Rp1.000.000,1 - 2 tahun,1 kali dalam sehari,5,5,5,5,4,1,5,5,4,5,5,4,4,5,4,5,5,5,5,4,4,4,4,5,5,4,4,5,4,4,5,4,5,5,4,4
lw,Laki-Laki,17 - 25 tahun,Mahasiswa,< Rp1.000.000,1 - 2 tahun,4 - 6 dalam seminggu,1,4,3,5,4,3,1,5,4,3,5,1,3,3,1,2,3,2,2,3,4,1,1,1,5,5,1,4,2,4,3,1,4,3,4,2
ER,Laki-Laki,26 - 35 tahun,Wiraswasta,Rp10.000.001 - Rp15.000.000,1 - 6 bulan,4 - 6 dalam seminggu,3,2,5,2,1,2,1,5,5,1,1,4,3,3,4,2,2,5,5,2,3,1,4,4,3,5,5,2,5,3,1,3,2,1,1,5
mK,Laki-Laki,26 - 35 tahun,Pegawai Negeri Sipil (PNS)/TNI/POLRI,< Rp1.000.000,1 - 2 tahun,Lebih dari 1 kali dalam sehari,3,3,2,3,1,3,3,1,2,2,3,4,5,5,3,1,3,5,2,4,2,2,5,3,5,1,4,3,5,2,4,2,4,1,4,2
cL,Perempuan,17 - 25 tahun,Mahasiswa,< Rp1.000.000,1 - 2 tahun,Lebih dari 1 kali dalam sehari,5,4,5,5,5,1,4,4,5,5,4,4,5,5,5,5,5,5,5,4,4,4,5,5,5,5,4,4,5,5,4,4,5,4,4,4
Ch,Perempuan,17 - 25 tahun,Mahasiswa,< Rp1.000.000,1 - 2 tahun,1 - 3 dalam seminggu,4,4,2,4,5,2,1,5,5,3,1,4,4,3,4,1,5,5,4,4,5,5,2,5,2,1,5,1,1,5,5,4,5,4,4,2
MM,Perempuan,17 - 25 tahun,Mahasiswa,< Rp1.000.000,7 - 12 bulan,1 - 3 dalam seminggu,4,5,5,5,5,3,5,4,4,5,5,4,4,4,5,4,5,4,4,5,5,4,4,4,4,4,5,5,5,4,4,4,4,5,5,4
JP,Laki-Laki,17 - 25 tahun,Karyawan BUMN,Rp5.000.001 - Rp10.000.000,> 2 tahun,1 - 3 dalam seminggu,1,4,5,1,2,2,4,4,2,5,5,5,1,2,5,1,2,1,1,1,3,3,1,5,4,4,4,3,1,3,5,1,2,5,2,1
LH,Perempuan,17 - 25 tahun,Mahasiswa,< Rp1.000.000,1 - 6 bulan,4 - 6 dalam seminggu,4,4,5,4,4,3,5,4,5,5,5,4,5,4,5,4,5,4,4,4,5,5,5,5,4,3,4,4,4,4,4,5,5,5,5,5
vHI,Perempuan,26 - 35 tahun,Karyawan Swasta,< Rp1.000.000,7 - 12 bulan,1 kali dalam sehari,2,1,4,5,2,3,2,5,4,5,2,2,3,2,1,4,5,2,4,3,4,1,5,2,5,1,2,1,5,3,5,2,1,2,4,1
mb,Laki-Laki,26 - 35 tahun,Lainnya,Rp5.000.001 - Rp10.000.000,1 - 6 bulan,4 - 6 dalam seminggu,1,3,5,1,3,3,3,1,5,5,3,3,2,5,4,2,4,2,1,4,3,3,5,3,5,3,5,5,5,3,2,2,1,2,1,1
GK,Perempuan,17 - 25 tahun,Mahasiswa,< Rp1.000.000,1 - 6 bulan,4 - 6 dalam seminggu,5,4,5,4,4,1,4,4,4,4,4,5,4,4,5,5,4,4,5,4,5,4,5,5,5,4,5,4,5,4,5,5,5,4,4,5
kl,Laki-Laki,17 - 25 tahun,Mahasiswa,< Rp1.000.000,1 - 2 tahun,Kurang dari 1 kali dalam seminggu,3,3,2,2,3,2,3,5,2,1,3,4,5,5,4,2,1,4,2,2,3,3,5,3,2,2,1,4,3,1,4,1,1,3,2,2
mMK,Perempuan,17 - 25 tahun,Mahasiswa,< Rp1.000.000,1 - 6 bulan,4 - 6 dalam seminggu,4,5,4,4,4,1,5,5,4,5,4,4,4,3,1,1,4,5,4,5,4,3,3,4,5,4,1,4,5,5,2,5,1,2,4,1
Gh,Perempuan,17 - 25 tahun,Mahasiswa,< Rp1.000.000,7 - 12 bulan,Lebih dari 1 kali dalam sehari,5,4,4,1,4,3,4,1,5,4,3,5,4,3,4,3,2,5,3,5,5,4,1,3,2,5,3,5,5,5,2,5,5,1,4,4
bS,Laki-Laki,26 - 35 tahun,Tidak bekerja,< Rp1.000.000,7 - 12 bulan,4 - 6 dalam seminggu,3,5,1,4,3,3,1,4,5,2,4,2,3,4,4,2,4,4,3,4,4,2,3,3,2,1,4,4,2,3,2,4,5,4,3,2
Bb,Laki-Laki,>45 tahun,Karyawan Swasta,Rp1.000.001 - Rp5.000.000,> 2 tahun,1 kali dalam sehari,1,2,3,3,1,2,3,3,5,1,2,5,5,4,1,5,2,4,5,3,2,3,1,3,3,1,4,3,1,3,4,2,2,5,2,2
jHM,Perempuan,17 - 25 tahun,Lainnya,Rp10.000.001 - Rp15.000.000,> 2 tahun,1 kali dalam sehari,3,1,4,3,2,3,4,5,3,4,3,5,5,1,3,3,3,2,3,1,4,5,3,2,3,4,4,3,1,5,5,1,5,2,3,2
mh,Perempuan,17 - 25 tahun,Mahasiswa,< Rp1.000.000,1 - 2 tahun,4 - 6 dalam seminggu,4,4,4,5,5,1,5,4,4,5,5,4,4,4,4,5,4,5,4,4,4,5,4,5,5,4,4,5,5,5,4,4,5,5,5,4
mo,Perempuan,>45 tahun,Tidak bekerja,< Rp1.000.000,7 - 12 bulan,4 - 6 dalam seminggu,2,3,2,3,3,1,5,1,5,2,2,3,5,2,5,1,2,2,2,5,3,1,3,5,1,4,5,1,4,5,1,1,3,3,3,2
Lh,Perempuan,17 - 25 tahun,Mahasiswa,< Rp1.000.000,1 - 2 tahun,1 - 3 dalam seminggu,5,4,4,5,4,1,5,4,5,4,5,4,5,4,4,4,5,4,5,5,4,5,5,4,5,4,4,4,4,5,4,4,5,4,4,4
Oe,Laki-Laki,26 - 35 tahun,Pegawai Negeri Sipil (PNS)/TNI/POLRI,Rp1.000.001 - Rp5.000.000,> 2 tahun,4 - 6 dalam seminggu,2,4,2,1,4,2,5,1,1,5,4,2,2,2,2,5,2,5,1,3,5,2,5,5,5,2,5,4,5,1,1,5,5,3,1,5
ML,Perempuan,17 - 25 tahun,Mahasiswa,< Rp1.000.000,7 - 12 bulan,1 - 3 dalam seminggu,5,4,4,4,5,3,4,4,4,5,4,5,5,5,4,4,4,5,5,5,5,4,5,5,4,1,4,4,5,4,5,4,4,5,4,5
jB,Perempuan,17 - 25 tahun,Mahasiswa,< Rp1.000.000,7 - 12 bulan,4 - 6 dalam seminggu,4,4,4,4,4,1,5,5,5,4,5,4,4,4,4,5,4,5,5,4,4,5,5,5,5,4,5,4,5,4,4,5,5,4,5,5
rH,Laki-Laki,17 - 25 tahun,Mahasiswa,< Rp1.000.000,1 - 6 bulan,Lebih dari 1 kali dalam sehari,5,4,4,4,5,1,4,4,5,4,4,4,4,4,4,4,4,4,5,4,4,4,5,4,5,1,5,5,4,4,4,4,4,4,4,5
mCr,Perempuan,17 - 25 tahun,Mahasiswa,< Rp1.000.000,7 - 12 bulan,Kurang dari 1 kali dalam seminggu,5,5,5,4,4,3,4,5,5,5,4,5,4,5,4,5,4,4,4,5,5,4,4,5,4,5,5,4,5,5,4,5,5,4,5,4
tR,Laki-Laki,< 17 tahun,Lainnya,< Rp1.000.000,< 1 bulan,Kurang dari 1 kali dalam seminggu,2,2,2,4,1,1,4,2,3,4,5,4,3,3,5,3,2,5,4,5,4,3,5,5,4,3,4,3,1,2,3,1,3,1,4,3
DNj,Laki-Laki,17 - 25 tahun,Mahasiswa,< Rp1.000.000,1 - 2 tahun,1 kali dalam sehari,4,4,5,5,5,1,4,4,4,5,4,4,5,5,5,4,5,4,5,5,5,4,4,4,5,5,4,4,4,4,5,4,4,4,4,5
mrC,Laki-Laki,17 - 25 tahun,Mahasiswa,< Rp1.000.000,< 1 bulan,1 kali dalam sehari,4,4,4,5,4,1,5,5,5,5,4,4,4,4,5,5,5,5,4,4,4,5,5,4,5,5,5,4,4,5,4,4,4,4,4,5
mHF,Laki-Laki,26 - 35 tahun,Tidak bekerja,< Rp1.000.000,> 2 tahun,1 kali dalam sehari,4,3,1,2,5,3,4,4,2,3,2,3,5,5,3,4,4,3,4,1,3,4,1,4,5,4,1,1,5,4,3,5,3,4,1,1
PH,Laki-Laki,26 - 35 tahun,Tidak bekerja,< Rp1.000.000,1 - 2 tahun,Lebih dari 1 kali dalam sehari,4,4,1,4,1,3,4,1,5,5,3,5,1,4,2,5,1,5,2,1,1,1,2,5,5,5,2,5,1,4,3,5,4,1,1,1
cO,Laki-Laki,< 17 tahun,Lainnya,Rp10.000.001 - Rp15.000.000,1 - 6 bulan,1 - 3 dalam seminggu,5,1,4,4,3,5,4,3,3,3,4,2,5,5,2,1,1,4,1,4,3,5,1,1,2,3,5,1,2,3,1,2,3,4,2,5
ll,Perempuan,17 - 25 tahun,Mahasiswa,< Rp1.000.000,1 - 6 bulan,Kurang dari 1 kali dalam seminggu,5,4,4,4,5,3,2,3,4,2,2,5,4,4,4,2,5,5,5,5,4,4,1,1,3,2,2,1,1,5,4,4,3,3,5,2
FL,Perempuan,17 - 25 tahun,Mahasiswa,< Rp1.000.000,1 - 6 bulan,4 - 6 dalam seminggu,5,5,4,5,5,1,4,5,5,5,4,4,5,4,5,4,4,5,4,5,4,4,5,4,5,1,5,5,5,5,4,4,4,4,4,4
Df,Laki-Laki,17 - 25 tahun,Mahasiswa,< Rp1.000.000,7 - 12 bulan,Kurang dari 1 kali dalam seminggu,5,4,4,5,5,1,4,4,4,5,5,5,4,5,4,4,5,5,5,4,5,4,4,4,5,2,5,5,5,5,4,5,5,4,5,5
BW,Perempuan,17 - 25 tahun,Mahasiswa,< Rp1.000.000,> 2 tahun,1 - 3 dalam seminggu,4,4,4,4,4,2,4,4,5,5,4,4,5,4,4,4,5,4,5,4,5,4,4,4,4,4,5,4,4,5,4,5,4,5,4,5
Mk,Perempuan,17 - 25 tahun,Mahasiswa,< Rp1.000.000,7 - 12 bulan,4 - 6 dalam seminggu,5,4,4,5,5,3,5,5,4,4,4,4,5,5,5,4,5,5,5,4,5,5,4,5,4,4,4,4,4,5,4,4,5,5,5,5
JK,Laki-Laki,17 - 25 tahun,Karyawan BUMN,Rp10.000.001 - Rp15.000.000,1 - 2 tahun,1 - 3 dalam seminggu,2,1,5,5,1,3,2,4,4,2,1,4,4,5,2,5,2,4,3,3,3,5,2,5,5,4,5,1,1,5,1,2,4,5,2,3
jC,Laki-Laki,17 - 25 tahun,Mahasiswa,< Rp1.000.000,1 - 6 bulan,4 - 6 dalam seminggu,4,4,4,5,4,2,5,4,5,5,4,4,5,4,4,5,4,5,5,5,4,4,4,4,4,5,4,5,5,5,4,5,5,4,4,5
JF,Laki-Laki,< 17 tahun,Tidak bekerja,< Rp1.000.000,< 1 bulan,Lebih dari 1 kali dalam sehari,3,4,4,2,3,1,3,5,5,2,3,2,1,4,3,5,1,5,4,4,4,4,1,5,4,4,2,2,5,1,1,5,5,4,1,1
Ddz,Perempuan,17 - 25 tahun,Mahasiswa,< Rp1.000.000,1 - 6 bulan,1 - 3 dalam seminggu,4,5,4,5,4,3,4,5,4,4,4,5,4,5,4,4,4,5,4,5,4,4,5,4,4,1,5,5,4,5,5,5,4,4,4,4
eG,Perempuan,17 - 25 tahun,Mahasiswa,< Rp1.000.000,> 2 tahun,Lebih dari 1 kali dalam sehari,4,4,4,4,4,2,4,5,4,5,4,4,4,4,5,4,4,5,5,5,4,5,5,4,4,1,5,4,5,5,5,4,4,4,5,5
dDW,Laki-Laki,17 - 25 tahun,Mahasiswa,< Rp1.000.000,< 1 bulan,Kurang dari 1 kali dalam seminggu,5,5,5,5,4,2,5,4,5,4,5,5,4,4,5,5,5,4,5,5,4,5,5,4,5,5,4,4,5,5,4,5,4,4,5,4
bo,Laki-Laki,17 - 25 tahun,Mahasiswa,< Rp1.000.000,< 1 bulan,1 - 3 dalam seminggu,4,4,4,4,5,3,4,5,5,5,4,5,5,5,4,5,4,5,5,5,5,4,5,5,4,4,4,4,4,4,4,4,4,5,4,5
fL,Perempuan,17 - 25 tahun,Mahasiswa,< Rp1.000.000,< 1 bulan,4 - 6 dalam seminggu,5,1,3,4,4,2,1,5,1,1,3,1,1,1,4,5,4,3,2,4,2,3,1,4,3,4,3,2,4,2,4,5,5,4,5,4
LMI,Perempuan,17 - 25 tahun,Mahasiswa,< Rp1.000.000,1 - 2 tahun,Kurang dari 1 kali dalam seminggu,5,4,3,5,5,1,5,4,4,4,4,5,3,4,4,1,5,5,5,5,4,3,5,5,4,1,2,5,4,5,4,4,4,4,4,2
ag,Laki-Laki,17 - 25 tahun,Mahasiswa,< Rp1.000.000,< 1 bulan,4 - 6 dalam seminggu,4,4,5,5,5,3,5,5,5,5,5,5,5,5,4,5,5,4,4,4,5,4,5,5,5,5,5,4,5,4,4,4,4,5,4,5
kv,Laki-Laki,17 - 25 tahun,Mahasiswa,< Rp1.000.000,1 - 2 tahun,1 kali dalam sehari,4,5,5,4,3,2,5,4,5,2,1,1,3,2,5,4,2,5,4,3,1,2,5,4,1,5,5,4,1,5,5,3,1,5,1,1
Cb,Laki-Laki,17 - 25 tahun,Mahasiswa,< Rp1.000.000,7 - 12 bulan,1 - 3 dalam seminggu,5,5,4,4,4,2,3,5,5,4,1,5,3,3,5,3,4,5,4,4,5,3,4,5,1,5,2,2,4,5,3,4,3,2,5,2
cRs,Perempuan,17 - 25 tahun,Mahasiswa,< Rp1.000.000,< 1 bulan,Lebih dari 1 kali dalam sehari,4,5,4,5,5,2,5,4,4,4,5,4,4,4,4,4,5,4,4,4,4,4,5,5,4,4,4,5,5,5,5,5,4,4,4,5
DB,Perempuan,17 - 25 tahun,Mahasiswa,< Rp1.000.000,1 - 2 tahun,1 kali dalam sehari,5,5,5,4,4,1,4,4,5,4,4,5,5,4,4,5,4,5,4,4,5,5,4,5,5,4,5,4,4,5,4,4,5,5,4,4
aw,Perempuan,17 - 25 tahun,Mahasiswa,< Rp1.000.000,1 - 6 bulan,Kurang dari 1 kali dalam seminggu,4,4,4,5,5,1,4,5,5,4,5,4,5,4,5,5,5,5,5,4,4,4,4,5,4,4,4,4,4,5,4,4,4,4,5,5
dBl,Perempuan,17 - 25 tahun,Mahasiswa,< Rp1.000.000,1 - 2 tahun,Kurang dari 1 kali dalam seminggu,5,4,2,5,4,2,4,4,5,5,5,4,3,5,4,5,4,5,5,5,4,5,5,5,4,4,1,4,5,4,4,5,4,4,4,3
Lz,Laki-Laki,17 - 25 tahun,Mahasiswa,< Rp1.000.000,7 - 12 bulan,1 kali dalam sehari,3,4,3,3,5,2,5,3,4,1,1,1,5,4,5,4,2,4,5,5,5,2,3,2,5,3,3,3,3,5,1,3,1,4,3,5
ms,Laki-Laki,26 - 35 tahun,Wiraswasta,> Rp15.000.000,7 - 12 bulan,1 - 3 dalam seminggu,1,5,3,2,3,2,1,3,5,3,2,4,3,4,3,2,2,2,3,3,3,1,3,5,5,2,3,2,3,2,1,5,4,1,3,4
WFD,Laki-Laki,17 - 25 tahun,Mahasiswa,< Rp1.000.000,7 - 12 bulan,4 - 6 dalam seminggu,5,5,5,5,4,1,4,4,4,4,5,5,5,4,4,4,5,5,4,4,4,5,4,4,5,5,5,5,4,4,4,5,5,5,4,4
nc,Perempuan,17 - 25 tahun,Mahasiswa,< Rp1.000.000,7 - 12 bulan,Lebih dari 1 kali dalam sehari,5,5,5,4,4,1,5,4,4,2,4,5,5,5,5,4,5,4,5,5,4,5,4,5,5,4,2,5,5,4,5,5,5,5,5,4
Rk,Laki-Laki,17 - 25 tahun,Mahasiswa,< Rp1.000.000,1 - 2 tahun,4 - 6 dalam seminggu,4,5,5,4,4,3,4,5,4,5,4,5,4,5,4,4,4,4,4,5,4,4,5,5,5,4,5,4,4,4,5,5,4,4,4,4
Al,Perempuan,< 17 tahun,Pelajar (SD/SMP/SMA),< Rp1.000.000,< 1 bulan,1 - 3 dalam seminggu,4,1,4,5,5,4,1,5,1,3,4,1,3,1,2,3,1,3,5,1,1,2,1,4,3,1,2,4,2,3,4,4,3,5,3,3
cKJ,Perempuan,17 - 25 tahun,Mahasiswa,< Rp1.000.000,1 - 6 bulan,Kurang dari 1 kali dalam seminggu,4,5,3,2,2,1,4,2,5,2,1,4,4,2,4,5,1,4,1,3,5,5,2,5,5,3,3,4,3,2,4,2,3,4,3,5
rHI,Perempuan,17 - 25 tahun,Mahasiswa,< Rp1.000.000,> 2 tahun,1 - 3 dalam seminggu,3,4,4,2,3,1,4,5,5,5,5,2,2,5,4,2,4,5,4,3,5,3,1,5,3,4,2,4,2,4,4,3,3,2,4,4
lc,Laki-Laki,17 - 25 tahun,Mahasiswa,< Rp1.000.000,1 - 6 bulan,1 kali dalam sehari,4,5,5,5,5,2,4,4,4,4,5,5,4,4,4,4,5,5,5,4,4,4,4,5,5,4,4,4,4,4,4,4,4,4,4,5
mMM,Laki-Laki,17 - 25 tahun,Mahasiswa,< Rp1.000.000,< 1 bulan,1 - 3 dalam seminggu,4,4,4,5,5,3,4,4,4,4,4,4,4,4,5,4,5,5,4,4,5,4,5,5,5,4,4,5,4,4,5,5,4,4,4,5
aS,Perempuan,17 - 25 tahun,Mahasiswa,< Rp1.000.000,1 - 2 tahun,Kurang dari 1 kali dalam seminggu,4,5,4,5,5,3,4,5,4,4,5,4,5,4,5,4,5,4,4,4,5,4,4,4,5,4,5,4,5,5,4,5,5,4,4,4
CB,Perempuan,36 - 45 tahun,Wiraswasta,< Rp1.000.000,< 1 bulan,1 kali dalam sehari,5,4,1,3,1,2,5,4,4,2,3,5,1,2,1,1,3,5,3,4,3,3,1,1,3,2,3,1,2,2,2,1,5,2,2,5
mBw,Laki-Laki,17 - 25 tahun,Mahasiswa,< Rp1.000.000,< 1 bulan,Lebih dari 1 kali dalam sehari,5,5,5,5,5,1,5,4,5,3,4,5,5,5,5,4,4,4,4,5,5,5,5,4,4,5,2,5,5,5,4,4,4,5,4,2
ES,Laki-Laki,17 - 25 tahun,Mahasiswa,< Rp1.000.000,7 - 12 bulan,1 - 3 dalam seminggu,2,5,5,5,3,1,4,5,4,3,5,1,1,4,5,1,3,5,5,3,4,1,5,4,5,5,3,3,4,2,4,4,4,2,3,5
BS,Laki-Laki,17 - 25 tahun,Pegawai Negeri Sipil (PNS)/TNI/POLRI,Rp1.000.001 - Rp5.000.000,7 - 12 bulan,Lebih dari 1 kali dalam sehari,1,4,1,5,4,1,5,3,4,1,2,5,2,5,3,5,4,5,4,4,3,2,2,1,5,1,2,2,5,3,5,2,1,2,3,5
LH,Perempuan,< 17 tahun,Tidak bekerja,< Rp1.000.000,> 2 tahun,1 kali dalam sehari,2,1,1,4,5,2,2,5,4,5,5,3,1,4,5,1,2,1,2,2,4,3,5,1,2,4,4,4,1,4,2,2,5,4,1,1
bL,Laki-Laki,17 - 25 tahun,Mahasiswa,< Rp1.000.000,1 - 6 bulan,1 - 3 dalam seminggu,5,4,5,5,4,1,4,5,5,5,4,4,5,4,4,5,4,4,4,4,4,4,5,4,4,1,5,4,5,4,4,4,5,5,4,4
jR,Laki-Laki,17 - 25 tahun,Mahasiswa,< Rp1.000.000,7 - 12 bulan,Kurang dari 1 kali dalam seminggu,5,4,4,4,5,3,5,4,4,4,5,4,5,4,4,4,4,4,4,4,5,4,4,4,4,1,5,4,5,4,5,5,5,4,5,4
Jh,Laki-Laki,17 - 25 tahun,Mahasiswa,< Rp1.000.000,< 1 bulan,4 - 6 dalam seminggu,5,4,4,4,4,2,4,4,4,5,5,4,4,4,4,5,4,4,4,5,4,4,5,4,4,4,4,5,4,4,4,5,5,4,5,4
mkh,Perempuan,17 - 25 tahun,Mahasiswa,< Rp1.000.000,1 - 2 tahun,1 - 3 dalam seminggu,5,5,5,5,5,1,5,4,4,4,4,5,4,5,4,4,5,5,4,4,4,4,5,4,4,5,5,5,4,5,5,4,4,4,4,5
mgF,Laki-Laki,17 - 25 tahun,Mahasiswa,< Rp1.000.000,1 - 6 bulan,4 - 6 dalam seminggu,5,5,4,4,4,2,5,4,5,4,5,5,4,5,5,4,5,5,4,4,4,4,5,5,4,4,4,5,4,5,4,5,4,5,5,5
Ao,Laki-Laki,36 - 45 tahun,Lainnya,> Rp15.000.000,7 - 12 bulan,Kurang dari 1 kali dalam seminggu,5,4,1,3,4,4,4,4,5,2,5,4,1,2,1,1,3,3,2,4,1,2,4,3,4,1,2,5,1,1,3,4,1,2,1,4
aC,Perempuan,17 - 25 tahun,Mahasiswa,< Rp1.000.000,1 - 6 bulan,Lebih dari 1 kali dalam sehari,5,4,4,4,4,3,4,5,5,1,5,4,4,5,5,5,4,5,4,5,5,5,4,5,5,5,5,5,4,4,4,5,4,4,4,5
mg,Perempuan,17 - 25 tahun,Mahasiswa,< Rp1.000.000,< 1 bulan,Lebih dari 1 kali dalam sehari,5,4,3,4,2,1,1,5,5,2,3,5,2,3,2,1,4,4,5,4,4,4,1,4,1,2,2,3,5,4,3,2,4,2,4,1
Gh,Perempuan,17 - 25 tahun,Mahasiswa,< Rp1.000.000,> 2 tahun,Lebih dari 1 kali dalam sehari,4,4,5,5,5,1,4,4,4,5,4,5,4,5,4,4,5,5,4,4,4,4,5,5,5,5,4,4,5,4,5,5,5,5,4,5
MT,Laki-Laki,17 - 25 tahun,Mahasiswa,< Rp1.000.000,1 - 6 bulan,1 kali dalam sehari,1,5,1,1,2,2,1,4,5,1,4,4,4,4,5,3,2,5,2,2,5,3,5,4,1,1,2,3,3,5,5,3,4,4,5,3
Mf,Perempuan,17 - 25 tahun,Mahasiswa,< Rp1.000.000,7 - 12 bulan,1 kali dalam sehari,4,4,5,5,5,1,4,4,4,5,5,4,4,4,5,5,4,5,5,4,4,4,5,4,5,4,5,5,5,5,5,4,4,5,4,4
MMb,Laki-Laki,36 - 45 tahun,Pegawai Negeri Sipil (PNS)/TNI/POLRI,< Rp1.000.000,> 2 tahun,Lebih dari 1 kali dalam sehari,4,1,3,3,2,5,5,2,3,1,4,5,5,2,3,1,1,5,1,3,5,1,1,4,3,1,4,1,5,4,5,2,5,5,4,3
rP,Laki-Laki,17 - 25 tahun,Mahasiswa,< Rp1.000.000,7 - 12 bulan,Lebih dari 1 kali dalam sehari,4,5,5,5,5,1,5,4,4,5,5,4,5,4,5,4,5,4,4,4,4,5,5,5,4,5,5,5,5,4,5,4,5,5,4,5
LB,Laki-Laki,17 - 25 tahun,Mahasiswa,< Rp1.000.000,< 1 bulan,Lebih dari 1 kali dalam sehari,4,4,2,4,4,3,5,5,5,1,4,5,1,5,5,2,5,4,5,5,5,5,4,5,5,1,1,4,1,4,4,5,5,5,5,1
Cd,Perempuan,17 - 25 tahun,Mahasiswa,< Rp1.000.000,1 - 6 bulan,4 - 6 dalam seminggu,4,5,4,5,5,1,4,5,4,4,4,4,4,4,5,4,5,4,5,5,5,4,4,5,4,4,4,4,5,4,5,5,4,4,4,5
og,Perempuan,17 - 25 tahun,Mahasiswa,< Rp1.000.000,> 2 tahun,4 - 6 dalam seminggu,4,4,4,5,5,3,4,4,4,5,4,4,5,5,4,4,5,5,5,5,5,5,5,4,4,5,5,5,4,4,5,5,4,4,5,5
Ip,Laki-Laki,17 - 25 tahun,Mahasiswa,< Rp1.000.000,< 1 bulan,4 - 6 dalam seminggu,5,5,5,4,5,3,4,4,5,4,5,5,4,5,5,5,5,4,5,5,5,4,4,5,4,4,4,5,4,4,5,4,5,4,5,5
mb,Laki-Laki,17 - 25 tahun,Mahasiswa,< Rp1.000.000,1 - 2 tahun,4 - 6 dalam seminggu,5,4,4,4,5,2,5,5,5,1,5,5,4,5,4,5,5,4,5,5,5,5,5,4,5,2,2,5,4,4,5,5,4,5,4,5
mcT,Perempuan,>45 tahun,Karyawan BUMN,> Rp15.000.000,1 - 2 tahun,Kurang dari 1 kali dalam seminggu,2,4,1,2,5,2,1,5,1,1,4,5,4,1,1,2,5,5,3,4,2,4,1,1,1,4,4,2,5,5,2,3,3,2,4,4
Eh,Perempuan,17 - 25 tahun,Mahasiswa,< Rp1.000.000,> 2 tahun,1 - 3 dalam seminggu,5,4,5,4,1,1,4,5,4,2,2,5,4,4,2,1,1,5,1,5,5,2,3,4,5,1,3,3,4,4,4,1,3,2,5,5
JE,Laki-Laki,17 - 25 tahun,Mahasiswa,< Rp1.000.000,< 1 bulan,1 - 3 dalam seminggu,4,5,1,2,5,3,2,2,5,3,4,1,1,4,4,3,4,2,1,4,1,2,5,4,2,1,5,5,2,5,5,5,4,5,3,5
Aw,Perempuan,17 - 25 tahun,Mahasiswa,< Rp1.000.000,7 - 12 bulan,1 - 3 dalam seminggu,4,4,5,5,5,2,5,5,4,5,4,5,4,4,5,4,5,5,4,4,4,4,5,5,5,5,4,4,5,5,4,5,5,5,5,5
mhh,Perempuan,17 - 25 tahun,Mahasiswa,< Rp1.000.000,> 2 tahun,Lebih dari 1 kali dalam sehari,4,4,5,4,5,1,5,5,5,4,4,4,5,5,4,4,4,5,4,5,5,4,4,5,4,5,5,5,4,4,4,5,4,4,5,4
LJ,Perempuan,17 - 25 tahun,Mahasiswa,< Rp1.000.000,> 2 tahun,Lebih dari 1 kali dalam sehari,5,5,4,5,5,1,4,4,5,4,4,5,4,5,4,4,5,5,4,5,5,4,5,4,4,3,4,4,4,5,5,5,5,5,4,4
jLD,Laki-Laki,17 - 25 tahun,Mahasiswa,< Rp1.000.000,< 1 bulan,1 - 3 dalam seminggu,4,5,5,4,4,3,4,4,5,4,5,5,5,5,5,5,5,5,5,4,5,4,5,5,5,4,5,4,4,5,5,5,5,5,4,4
Vs,Perempuan,17 - 25 tahun,Mahasiswa,< Rp1.000.000,7 - 12 bulan,Kurang dari 1 kali dalam seminggu,4,5,4,4,4,1,4,5,4,5,5,4,5,4,5,5,4,4,4,4,4,5,4,5,5,4,5,4,4,5,5,5,5,5,5,4
jc,Perempuan,17 - 25 tahun,Karyawan Swasta,Rp10.000.001 - Rp15.000.000,7 - 12 bulan,1 kali dalam sehari,5,5,1,3,3,5,5,1,2,2,3,5,5,5,5,2,5,4,4,1,5,5,2,5,3,3,3,1,4,3,4,5,1,2,5,1
dDp,Perempuan,17 - 25 tahun,Mahasiswa,< Rp1.000.000,< 1 bulan,Kurang dari 1 kali dalam seminggu,4,4,4,4,5,2,4,5,4,5,5,4,5,4,4,4,5,4,5,4,4,5,4,4,5,4,4,5,4,4,5,4,5,4,4,4
SP,Laki-Laki,17 - 25 tahun,Mahasiswa,< Rp1.000.000,< 1 bulan,1 - 3 dalam seminggu,4,4,5,2,2,2,5,3,5,1,1,4,3,1,2,3,4,3,5,5,5,4,5,4,4,2,2,5,1,4,5,4,4,1,1,1
mR,Perempuan,26 - 35 tahun,Pegawai Negeri Sipil (PNS)/TNI/POLRI,Rp1.000.001 - Rp5.000.000,1 - 6 bulan,4 - 6 dalam seminggu,4,5,3,2,1,3,4,3,5,5,3,4,2,2,3,4,2,5,3,5,5,5,4,2,5,1,1,4,1,4,5,4,5,4,2,2
wl,Laki-Laki,17 - 25 tahun,Mahasiswa,< Rp1.000.000,7 - 12 bulan,1 kali dalam sehari,4,4,4,4,4,1,4,4,5,4,5,4,4,4,5,5,5,5,4,4,5,5,4,5,5,3,2,5,5,4,4,4,5,4,4,5
mTt,Laki-Laki,26 - 35 tahun,Lainnya,> Rp15.000.000,< 1 bulan,1 - 3 dalam seminggu,4,3,5,3,4,3,3,3,5,5,3,3,5,1,3,2,5,1,3,2,5,1,3,1,4,3,2,4,1,4,1,1,3,5,3,4
LG,Laki-Laki,17 - 25 tahun,Mahasiswa,< Rp1.000.000,1 - 6 bulan,1 kali dalam sehari,4,4,2,4,4,1,4,2,4,3,5,3,2,5,1,3,3,4,2,4,2,5,4,1,1,3,3,5,4,1,1,1,5,5,1,4
Sb,Perempuan,< 17 tahun,Tidak bekerja,< Rp1.000.000,1 - 2 tahun,1 - 3 dalam seminggu,1,1,5,5,4,2,3,4,4,2,3,2,3,2,2,3,4,2,4,1,1,5,1,5,5,1,3,1,5,5,4,2,5,1,3,3
rm,Laki-Laki,17 - 25 tahun,Mahasiswa,< Rp1.000.000,1 - 2 tahun,Lebih dari 1 kali dalam sehari,5,5,5,4,4,1,5,5,5,5,4,5,4,5,5,4,5,5,4,4,4,4,4,5,4,4,5,4,5,5,5,4,5,5,4,5
GH,Laki-Laki,17 - 25 tahun,Mahasiswa,< Rp1.000.000,1 - 6 bulan,1 kali dalam sehari,4,4,5,4,5,2,4,5,5,4,5,4,5,4,5,4,4,4,5,5,5,4,4,4,5,4,4,4,5,5,4,5,5,4,5,4
pm,Perempuan,17 - 25 tahun,Mahasiswa,< Rp1.000.000,7 - 12 bulan,1 kali dalam sehari,5,4,1,4,5,3,4,5,4,1,3,5,4,3,4,3,5,4,5,5,5,3,2,1,3,3,1,5,5,4,5,5,4,2,4,2
JB,Perempuan,17 - 25 tahun,Mahasiswa,< Rp1.000.000,> 2 tahun,1 kali dalam sehari,5,4,5,4,5,1,5,4,5,4,4,4,4,5,5,4,5,4,5,4,4,5,5,4,5,2,4,4,5,5,4,4,4,5,4,5
LS,Perempuan,17 - 25 tahun,Mahasiswa,< Rp1.000.000,> 2 tahun,Kurang dari 1 kali dalam seminggu,5,4,5,5,5,1,4,5,5,4,5,4,4,5,4,4,5,5,5,4,4,4,5,5,5,5,4,4,4,4,4,4,5,4,4,4
pL,Perempuan,17 - 25 tahun,Mahasiswa,< Rp1.000.000,1 - 2 tahun,Kurang dari 1 kali dalam seminggu,5,5,1,4,5,1,4,5,5,3,5,4,5,4,5,3,5,4,5,4,4,5,4,5,5,5,2,4,1,5,4,5,5,5,4,1
sD,Perempuan,17 - 25 tahun,Mahasiswa,< Rp1.000.000,1 - 2 tahun,Kurang dari 1 kali dalam seminggu,5,5,4,5,4,3,5,4,4,4,5,5,4,4,4,5,5,4,5,5,5,4,5,4,4,2,5,5,4,4,4,4,5,4,5,4
mjP,Perempuan,17 - 25 tahun,Mahasiswa,< Rp1.000.000,> 2 tahun,Lebih dari 1 kali dalam sehari,5,4,5,4,5,3,5,5,4,5,4,5,5,5,5,4,4,5,5,4,5,5,4,5,4,4,5,4,4,4,5,4,5,5,4,5
Is,Laki-Laki,17 - 25 tahun,Mahasiswa,< Rp1.000.000,7 - 12 bulan,1 kali dalam sehari,5,4,4,4,5,3,2,4,4,5,1,4,2,3,2,3,5,5,3,5,5,3,1,1,3,1,1,3,1,5,4,4,4,3,5,2
fh,Laki-Laki,36 - 45 tahun,Karyawan BUMN,> Rp15.000.000,> 2 tahun,1 kali dalam sehari,4,3,2,1,4,3,3,3,3,5,2,2,1,2,5,3,3,5,1,1,2,4,5,2,1,4,2,4,1,3,5,2,5,4,3,2
nw,Perempuan,17 - 25 tahun,Mahasiswa,< Rp1.000.000,7 - 12 bulan,4 - 6 dalam seminggu,4,4,4,4,5,1,1,4,4,4,2,4,1,4,5,4,5,5,4,4,4,5,3,2,3,3,5,1,2,5,4,5,5,2,4,2
lbp,Perempuan,17 - 25 tahun,Mahasiswa,< Rp1.000.000,7 - 12 bulan,1 kali dalam sehari,5,4,4,5,4,2,5,4,5,4,5,5,4,4,5,5,5,5,4,5,4,5,4,5,5,4,5,4,5,4,5,5,5,5,4,4
eLm,Perempuan,17 - 25 tahun,Mahasiswa,< Rp1.000.000,< 1 bulan,Lebih dari 1 kali dalam sehari,5,4,5,4,4,2,5,5,4,4,4,5,4,4,5,5,4,5,4,5,4,4,4,4,5,4,4,5,4,5,5,5,4,4,5,5
EH,Laki-Laki,26 - 35 tahun,Pegawai Negeri Sipil (PNS)/TNI/POLRI,Rp1.000.001 - Rp5.000.000,1 - 2 tahun,Lebih dari 1 kali dalam sehari,3,2,2,2,1,2,2,4,4,3,2,1,2,2,2,3,5,2,3,2,2,3,5,4,1,5,4,1,5,2,1,1,3,1,1,3
Nr,Laki-Laki,26 - 35 tahun,Tidak bekerja,< Rp1.000.000,< 1 bulan,1 - 3 dalam seminggu,4,1,3,5,1,2,4,5,5,4,5,3,4,1,4,1,3,1,5,5,5,1,4,2,5,3,3,5,1,3,5,4,2,2,2,2
jkm,Perempuan,17 - 25 tahun,Mahasiswa,< Rp1.000.000,1 - 2 tahun,1 - 3 dalam seminggu,5,3,1,2,2,1,4,2,3,1,1,3,1,3,5,3,4,1,1,5,3,4,4,1,1,5,1,3,1,2,5,3,4,2,3,3
kK,Laki-Laki,26 - 35 tahun,Karyawan BUMN,Rp1.000.001 - Rp5.000.000,< 1 bulan,1 kali dalam sehari,1,1,1,3,5,1,3,2,1,2,4,5,3,4,1,4,5,2,2,4,2,4,1,5,3,2,2,5,2,3,5,5,1,1,4,5
aw,Perempuan,17 - 25 tahun,Mahasiswa,< Rp1.000.000,> 2 tahun,4 - 6 dalam seminggu,5,5,4,5,5,2,4,4,5,5,5,5,5,4,5,5,4,4,5,4,5,4,4,4,4,4,5,4,4,5,5,4,4,4,4,5
gd,Laki-Laki,17 - 25 tahun,Mahasiswa,< Rp1.000.000,> 2 tahun,1 - 3 dalam seminggu,5,5,5,5,4,2,5,4,5,4,4,4,4,4,5,5,5,4,5,4,4,4,4,4,4,5,1,5,4,4,5,4,4,5,4,5
sR,Laki-Laki,17 - 25 tahun,Mahasiswa,< Rp1.000.000,< 1 bulan,4 - 6 dalam seminggu,5,4,4,5,4,3,5,5,4,4,5,4,5,4,5,5,5,4,5,4,5,5,5,5,4,5,4,4,4,4,4,5,4,4,5,4
am,Perempuan,17 - 25 tahun,Mahasiswa,< Rp1.000.000,> 2 tahun,Kurang dari 1 kali dalam seminggu,4,4,5,4,4,3,5,4,4,4,5,5,4,5,5,4,4,4,5,4,5,4,5,4,4,4,5,4,5,5,5,4,5,5,4,5
mEAI,Laki-Laki,17 - 25 tahun,Mahasiswa,< Rp1.000.000,7 - 12 bulan,1 kali dalam sehari,5,4,4,5,5,1,4,4,4,4,4,4,5,5,4,4,5,4,5,5,4,4,4,5,5,5,4,5,5,4,4,5,4,5,5,4
cH,Perempuan,36 - 45 tahun,Karyawan Swasta,> Rp15.000.000,> 2 tahun,1 kali dalam sehari,2,5,4,5,1,1,3,5,5,3,1,2,4,4,3,5,1,2,2,5,2,2,1,3,2,5,3,4,1,3,3,5,1,2,3,1
KWv,Perempuan,17 - 25 tahun,Mahasiswa,< Rp1.000.000,> 2 tahun,Kurang dari 1 kali dalam seminggu,3,3,1,1,3,2,4,1,5,5,1,4,1,1,5,1,2,4,5,2,5,1,3,2,1,2,2,5,4,5,2,4,5,5,1,4
eh,Laki-Laki,17 - 25 tahun,Mahasiswa,< Rp1.000.000,> 2 tahun,Lebih dari 1 kali dalam sehari,5,5,4,4,4,2,4,4,5,4,4,5,5,5,5,5,4,5,4,5,5,4,4,5,4,4,4,5,5,5,5,5,5,4,4,5
MtG,Laki-Laki,17 - 25 tahun,Mahasiswa,< Rp1.000.000,7 - 12 bulan,Kurang dari 1 kali dalam seminggu,4,5,5,4,5,2,5,5,5,3,5,4,5,3,4,5,5,4,4,4,5,5,5,5,5,2,4,5,4,5,4,4,5,5,4,2
Lc,Perempuan,17 - 25 tahun,Mahasiswa,< Rp1.000.000,< 1 bulan,1 - 3 dalam seminggu,4,5,4,4,5,2,5,5,5,5,4,5,4,5,5,5,5,4,4,4,4,4,4,4,5,3,4,5,5,5,5,5,5,4,5,4
Ss,Laki-Laki,17 - 25 tahun,Mahasiswa,< Rp1.000.000,< 1 bulan,Kurang dari 1 kali dalam seminggu,4,4,5,4,4,2,5,4,5,4,5,5,4,5,5,4,4,5,5,5,4,4,4,4,4,4,5,5,5,5,4,5,4,4,5,5
vM,Laki-Laki,17 - 25 tahun,Mahasiswa,< Rp1.000.000,1 - 6 bulan,1 kali dalam sehari,4,4,5,5,4,3,4,4,5,4,4,4,5,4,4,5,5,4,5,4,5,5,5,5,4,5,4,5,4,5,4,4,5,4,5,4
mo,Perempuan,17 - 25 tahun,Mahasiswa,< Rp1.000.000,1 - 2 tahun,4 - 6 dalam seminggu,5,4,4,5,5,2,4,4,4,4,4,5,4,5,5,4,5,5,5,5,5,5,4,4,4,4,5,5,5,4,5,5,4,5,5,5
Am,Laki-Laki,17 - 25 tahun,Mahasiswa,< Rp1.000.000,1 - 2 tahun,4 - 6 dalam seminggu,5,5,4,4,4,3,5,4,5,4,4,5,4,5,5,5,4,5,4,5,4,5,5,4,4,4,5,5,5,4,5,4,4,5,5,4
Ld,Perempuan,17 - 25 tahun,Mahasiswa,< Rp1.000.000,7 - 12 bulan,4 - 6 dalam seminggu,4,5,4,4,4,3,5,4,4,4,5,5,4,5,5,4,5,4,4,5,5,5,5,4,5,5,5,4,5,5,5,4,5,5,5,5
Mad,Perempuan,26 - 35 tahun,Lainnya,< Rp1.000.000,1 - 6 bulan,1 - 3 dalam seminggu,4,4,2,2,3,1,3,5,5,5,5,4,4,2,2,3,4,2,4,5,2,5,3,3,1,2,5,5,5,2,5,5,3,1,3,4
kW,Laki-Laki,36 - 45 tahun,Pegawai Negeri Sipil (PNS)/TNI/POLRI,Rp5.000.001 - Rp10.000.000,< 1 bulan,1 - 3 dalam seminggu,3,5,1,5,3,2,2,2,3,5,1,3,5,3,3,4,1,5,4,1,5,1,2,5,5,5,1,4,2,4,4,5,4,4,5,5
CJ,Perempuan,17 - 25 tahun,Mahasiswa,< Rp1.000.000,1 - 2 tahun,Lebih dari 1 kali dalam sehari,3,4,3,4,4,3,5,1,4,1,2,4,1,5,3,5,1,2,5,4,4,1,5,2,2,2,1,1,1,4,5,3,5,5,5,3
cb,Laki-Laki,26 - 35 tahun,Pegawai Negeri Sipil (PNS)/TNI/POLRI,< Rp1.000.000,1 - 2 tahun,Kurang dari 1 kali dalam seminggu,2,1,5,4,4,4,4,4,4,2,4,2,3,2,4,1,3,3,1,5,5,2,2,4,1,2,5,3,4,5,1,1,4,3,4,2
ow,Perempuan,17 - 25 tahun,Mahasiswa,< Rp1.000.000,1 - 2 tahun,1 kali dalam sehari,5,5,4,5,5,3,5,4,4,4,5,5,4,5,5,4,5,4,4,4,5,4,4,4,5,5,4,5,4,4,5,5,4,5,4,5
Se,Perempuan,17 - 25 tahun,Mahasiswa,< Rp1.000.000,< 1 bulan,Kurang dari 1 kali dalam seminggu,5,5,4,4,5,3,5,5,4,1,4,5,5,5,4,4,4,5,5,5,5,5,5,5,5,2,1,5,4,5,5,4,5,4,5,4
VW,Perempuan,17 - 25 tahun,Mahasiswa,< Rp1.000.000,7 - 12 bulan,Lebih dari 1 kali dalam sehari,4,4,3,4,5,3,5,4,4,1,4,5,4,5,4,5,5,4,5,5,4,4,5,4,4,1,4,4,5,4,4,4,4,5,5,4
Ahm,Laki-Laki,17 - 25 tahun,Mahasiswa,< Rp1.000.000,1 - 2 tahun,1 kali dalam sehari,4,4,4,4,4,2,5,5,5,5,4,4,5,4,4,4,4,4,5,5,5,4,4,5,4,4,4,4,4,5,4,4,4,5,4,5
fw,Laki-Laki,26 - 35 tahun,Lainnya,< Rp1.000.000,< 1 bulan,4 - 6 dalam seminggu,4,5,2,2,1,3,4,4,3,1,3,5,1,2,4,3,1,5,5,4,5,5,3,3,1,4,4,3,5,5,5,1,5,1,4,1
Am,Laki-Laki,17 - 25 tahun,Mahasiswa,< Rp1.000.000,7 - 12 bulan,4 - 6 dalam seminggu,5,4,5,5,5,2,5,5,5,4,4,4,4,4,5,5,5,4,4,5,4,5,5,4,5,4,4,4,4,4,5,5,4,4,5,4
mK,Perempuan,17 - 25 tahun,Mahasiswa,< Rp1.000.000,1 - 6 bulan,Kurang dari 1 kali dalam seminggu,4,4,5,3,2,1,2,4,5,4,2,5,5,1,1,1,1,5,1,3,5,5,5,3,5,2,2,5,2,4,2,4,2,3,5,3
da,Perempuan,17 - 25 tahun,Mahasiswa,< Rp1.000.000,> 2 tahun,1 - 3 dalam seminggu,5,5,4,5,5,3,4,4,4,5,5,5,5,5,5,4,5,4,5,5,5,5,4,5,4,5,4,5,4,4,4,5,5,5,4,5
Hr,Perempuan,17 - 25 tahun,Mahasiswa,< Rp1.000.000,1 - 6 bulan,Lebih dari 1 kali dalam sehari,5,4,4,5,4,1,4,4,5,4,5,4,4,4,4,4,4,4,5,4,4,5,5,5,4,4,5,4,4,5,4,4,4,5,5,4
Va,Laki-Laki,17 - 25 tahun,Mahasiswa,< Rp1.000.000,7 - 12 bulan,1 kali dalam sehari,1,4,4,1,4,1,3,3,4,3,3,2,1,2,2,5,2,3,4,4,5,5,1,3,4,3,1,5,2,4,4,4,3,3,4,2
am,Laki-Laki,17 - 25 tahun,Mahasiswa,< Rp1.000.000,< 1 bulan,Kurang dari 1 kali dalam seminggu,5,5,5,5,5,3,4,4,4,5,5,5,4,5,5,5,5,5,5,5,4,4,4,4,5,5,5,4,5,5,5,5,4,4,5,5
jO,Perempuan,17 - 25 tahun,Mahasiswa,< Rp1.000.000,> 2 tahun,1 - 3 dalam seminggu,4,5,5,5,5,1,5,5,4,4,5,4,5,4,4,4,5,4,4,5,4,5,4,4,4,5,4,4,4,4,4,4,5,4,5,5
Gm,Laki-Laki,17 - 25 tahun,Mahasiswa,< Rp1.000.000,> 2 tahun,1 kali dalam sehari,5,4,4,4,5,3,4,4,5,4,4,4,5,4,4,4,5,4,4,4,5,5,5,4,4,4,4,5,4,4,4,5,4,4,4,4
Lw,Perempuan,17 - 25 tahun,Mahasiswa,< Rp1.000.000,1 - 6 bulan,1 - 3 dalam seminggu,5,4,5,5,5,2,4,5,4,4,4,4,4,4,4,4,5,4,4,4,4,5,5,5,5,1,4,4,5,5,5,4,4,5,5,4
dgBv,Laki-Laki,26 - 35 tahun,Wiraswasta,< Rp1.000.000,1 - 6 bulan,1 kali dalam sehari,3,3,5,1,5,1,1,4,2,2,3,5,1,3,1,5,5,1,4,3,5,5,5,5,4,3,3,2,4,1,4,2,2,4,1,1
JP,Laki-Laki,< 17 tahun,Pelajar (SD/SMP/SMA),< Rp1.000.000,7 - 12 bulan,1 kali dalam sehari,5,1,5,4,3,5,3,5,5,2,4,4,2,3,4,5,3,2,5,2,2,2,4,5,2,2,3,3,1,2,2,2,1,2,2,5
DAb,Laki-Laki,17 - 25 tahun,Mahasiswa,< Rp1.000.000,1 - 6 bulan,1 kali dalam sehari,5,5,5,5,5,2,4,4,5,4,4,5,5,4,5,4,5,4,4,5,4,4,5,5,4,5,5,5,4,5,5,4,5,4,4,5
la,Perempuan,17 - 25 tahun,Mahasiswa,< Rp1.000.000,1 - 6 bulan,4 - 6 dalam seminggu,5,4,4,4,5,3,5,5,5,5,4,4,5,4,5,5,4,5,4,5,5,4,4,4,5,5,4,5,5,5,4,4,4,5,4,5
bb,Laki-Laki,< 17 tahun,Tidak bekerja,< Rp1.000.000,1 - 6 bulan,4 - 6 dalam seminggu,5,1,5,5,4,1,4,3,2,4,2,2,4,3,4,4,3,4,4,2,2,3,5,2,1,3,5,3,5,4,3,3,3,5,5,1
Ch,Perempuan,>45 tahun,Karyawan BUMN,Rp1.000.001 - Rp5.000.000,> 2 tahun,4 - 6 dalam seminggu,2,3,3,4,3,5,4,2,4,2,1,4,2,4,1,1,3,1,4,2,4,3,3,4,3,2,1,1,2,4,1,3,2,3,1,4
eB,Laki-Laki,17 - 25 tahun,Mahasiswa,< Rp1.000.000,< 1 bulan,1 - 3 dalam seminggu,4,4,5,5,4,1,4,5,4,4,5,5,5,4,4,4,4,5,5,5,5,5,4,4,5,4,4,4,5,5,5,5,4,4,5,4
rl,Laki-Laki,17 - 25 tahun,Mahasiswa,< Rp1.000.000,1 - 2 tahun,1 - 3 dalam seminggu,4,4,5,5,4,1,4,4,4,4,4,5,4,5,5,5,5,5,4,4,5,5,4,5,4,5,5,5,5,5,5,4,5,4,5,4
Ms,Laki-Laki,17 - 25 tahun,Mahasiswa,< Rp1.000.000,1 - 6 bulan,1 - 3 dalam seminggu,4,5,4,5,5,3,4,5,5,5,4,4,5,5,4,5,4,4,5,5,5,4,5,5,5,4,4,4,4,5,5,4,5,5,4,5
vk,Perempuan,17 - 25 tahun,Mahasiswa,< Rp1.000.000,1 - 6 bulan,Kurang dari 1 kali dalam seminggu,4,5,5,5,5,3,4,5,5,5,5,5,4,5,5,4,5,4,5,5,4,5,4,5,5,4,5,5,5,5,5,4,4,4,5,4
kM,Laki-Laki,17 - 25 tahun,Mahasiswa,< Rp1.000.000,> 2 tahun,Kurang dari 1 kali dalam seminggu,1,5,5,4,1,2,2,4,4,1,1,3,3,1,3,1,5,3,5,2,5,3,3,2,3,2,3,2,2,4,1,3,3,5,4,4
bK,Laki-Laki,17 - 25 tahun,Mahasiswa,< Rp1.000.000,> 2 tahun,Kurang dari 1 kali dalam seminggu,3,1,3,2,1,3,5,1,5,5,3,3,1,3,3,2,4,4,2,4,3,5,3,4,1,1,1,2,3,3,1,4,4,1,2,2
mS,Laki-Laki,17 - 25 tahun,Mahasiswa,< Rp1.000.000,1 - 6 bulan,1 kali dalam sehari,4,4,5,4,4,2,4,4,4,3,1,4,4,5,4,5,4,5,4,4,4,4,1,2,5,4,3,4,1,5,4,4,5,5,5,2
RS,Perempuan,17 - 25 tahun,Mahasiswa,< Rp1.000.000,> 2 tahun,1 - 3 dalam seminggu,5,5,5,5,5,2,5,4,4,5,4,4,4,5,5,4,5,4,5,5,5,4,5,5,4,5,4,5,4,4,4,5,4,5,4,4
jA,Perempuan,17 - 25 tahun,Mahasiswa,< Rp1.000.000,7 - 12 bulan,Lebih dari 1 kali dalam sehari,4,5,5,5,4,1,4,4,4,5,5,4,4,4,5,4,5,4,4,4,5,5,5,4,5,4,5,4,4,4,4,5,4,4,4,4
Rm,Perempuan,17 - 25 tahun,Mahasiswa,< Rp1.000.000,7 - 12 bulan,4 - 6 dalam seminggu,5,4,4,3,3,2,4,3,5,3,5,1,4,4,5,2,3,3,1,4,4,3,1,1,4,5,5,2,2,3,1,5,1,3,4,4
Rb,Laki-Laki,17 - 25 tahun,"Pelajar (SD/SMP/SMA),Mahasiswa",Rp10.000.001 - Rp15.000.000,< 1 bulan,1 - 3 dalam seminggu,4,2,2,2,2,2,3,5,3,5,1,5,1,1,3,1,5,5,3,5,5,4,3,4,5,5,3,1,1,1,5,1,2,3,3,1
gw,Laki-Laki,17 - 25 tahun,Mahasiswa,< Rp1.000.000,1 - 2 tahun,1 - 3 dalam seminggu,4,5,4,4,5,3,5,5,4,5,4,5,4,4,5,5,5,5,5,5,4,5,5,4,5,4,4,5,5,5,5,4,4,5,5,4
KH,Laki-Laki,17 - 25 tahun,Mahasiswa,< Rp1.000.000,7 - 12 bulan,Kurang dari 1 kali dalam seminggu,5,4,4,5,5,1,5,5,5,4,4,4,4,5,4,4,5,5,4,4,5,5,5,4,4,4,4,4,4,4,4,5,5,4,4,5
TM,Perempuan,17 - 25 tahun,Mahasiswa,< Rp1.000.000,< 1 bulan,Lebih dari 1 kali dalam sehari,5,4,5,4,5,2,5,4,5,5,5,4,4,4,4,5,4,5,5,4,4,4,5,5,4,3,4,5,4,5,5,4,5,4,5,4
aw,Perempuan,17 - 25 tahun,Mahasiswa,< Rp1.000.000,1 - 6 bulan,1 kali dalam sehari,5,4,5,5,5,1,4,4,4,5,4,4,4,4,4,4,5,5,4,5,4,4,5,4,5,5,4,5,5,5,4,5,5,4,5,4
HHP,Perempuan,< 17 tahun,Tidak bekerja,< Rp1.000.000,< 1 bulan,Kurang dari 1 kali dalam seminggu,2,1,2,1,2,4,3,3,1,1,4,2,1,3,2,4,5,2,1,5,3,5,1,5,5,1,1,4,4,5,2,3,4,4,3,5
sH,Laki-Laki,17 - 25 tahun,Mahasiswa,< Rp1.000.000,1 - 2 tahun,Lebih dari 1 kali dalam sehari,4,4,5,5,5,3,4,4,4,5,5,5,4,5,4,5,5,5,5,4,4,5,5,5,5,4,4,4,5,5,4,4,4,4,5,5
sP,Perempuan,17 - 25 tahun,Mahasiswa,< Rp1.000.000,> 2 tahun,1 kali dalam sehari,4,5,5,4,4,2,5,5,4,4,5,5,4,5,4,4,5,4,4,4,5,5,5,5,5,5,4,4,4,5,4,5,4,4,5,4
vs,Laki-Laki,17 - 25 tahun,Mahasiswa,< Rp1.000.000,> 2 tahun,Kurang dari 1 kali dalam seminggu,5,4,4,5,5,1,4,5,5,4,4,4,5,4,5,5,5,5,4,4,4,4,5,5,4,4,4,4,4,5,5,5,5,5,5,4
mT,Perempuan,17 - 25 tahun,Mahasiswa,< Rp1.000.000,1 - 2 tahun,4 - 6 dalam seminggu,4,5,4,4,4,3,5,4,5,4,4,4,5,5,5,5,4,4,5,4,4,5,4,4,5,5,4,4,4,4,4,5,5,5,4,4
gb,Laki-Laki,17 - 25 tahun,Mahasiswa,< Rp1.000.000,1 - 6 bulan,4 - 6 dalam seminggu,4,5,4,4,5,3,4,5,5,5,5,4,4,5,5,4,4,4,4,5,5,5,5,5,5,4,5,4,5,5,5,4,4,4,4,4
mLl,Perempuan,17 - 25 tahun,Mahasiswa,< Rp1.000.000,1 - 6 bulan,Kurang dari 1 kali dalam seminggu,4,4,5,4,4,1,4,4,5,4,5,5,4,4,4,4,5,4,5,4,5,5,4,5,4,4,4,5,5,4,4,5,4,5,5,5
aw,Laki-Laki,17 - 25 tahun,Mahasiswa,< Rp1.000.000,7 - 12 bulan,Lebih dari 1 kali dalam sehari,4,5,5,4,5,1,4,4,5,5,4,4,4,5,5,4,5,5,5,5,4,5,4,4,5,5,4,4,5,4,4,4,5,5,5,4
dbR,Laki-Laki,17 - 25 tahun,Mahasiswa,< Rp1.000.000,1 - 6 bulan,1 - 3 dalam seminggu,4,5,4,4,4,2,5,5,5,4,5,5,4,5,5,4,4,5,5,5,4,5,4,5,5,4,4,4,5,4,5,4,4,4,5,4
jO,Laki-Laki,17 - 25 tahun,Mahasiswa,< Rp1.000.000,1 - 6 bulan,Lebih dari 1 kali dalam sehari,4,4,5,5,4,2,4,4,5,4,5,4,4,5,4,4,5,4,4,4,5,5,5,4,4,4,4,4,5,5,4,5,5,5,5,5
bW,Laki-Laki,17 - 25 tahun,Mahasiswa,< Rp1.000.000,1 - 6 bulan,1 - 3 dalam seminggu,4,4,4,5,4,2,5,5,4,5,4,5,4,5,4,5,5,5,5,5,5,4,4,5,5,4,5,4,5,4,4,5,4,4,5,4
af,Perempuan,17 - 25 tahun,Pegawai Negeri Sipil (PNS)/TNI/POLRI,> Rp15.000.000,7 - 12 bulan,1 kali dalam sehari,3,5,5,3,2,1,4,4,2,3,3,1,4,1,2,2,4,1,3,2,4,2,5,2,1,4,4,1,1,4,2,1,3,1,5,3
GP,Perempuan,17 - 25 tahun,Mahasiswa,< Rp1.000.000,< 1 bulan,Lebih dari 1 kali dalam sehari,4,4,5,4,4,3,4,5,4,5,5,4,5,5,4,5,5,5,5,4,5,4,4,4,4,4,5,4,5,4,5,4,5,5,4,4
Msb,Perempuan,17 - 25 tahun,Mahasiswa,< Rp1.000.000,> 2 tahun,Kurang dari 1 kali dalam seminggu,4,5,5,5,4,3,5,5,5,5,5,4,5,4,5,5,4,4,5,5,5,5,4,5,4,5,4,4,5,5,4,5,5,4,5,4
Kc,Laki-Laki,17 - 25 tahun,Mahasiswa,< Rp1.000.000,< 1 bulan,1 kali dalam sehari,4,5,5,5,4,2,4,4,4,4,5,5,4,5,4,5,4,5,4,5,4,5,5,4,4,2,3,5,5,5,5,4,4,5,5,5
bT,Perempuan,17 - 25 tahun,Mahasiswa,< Rp1.000.000,1 - 2 tahun,Lebih dari 1 kali dalam sehari,4,5,3,5,4,1,4,5,5,4,4,5,4,1,5,3,5,4,4,5,4,2,3,4,3,2,4,5,1,4,4,4,5,5,4,1
DsB,Perempuan,17 - 25 tahun,Mahasiswa,< Rp1.000.000,> 2 tahun,Kurang dari 1 kali dalam seminggu,5,4,4,4,4,2,5,4,4,4,5,4,5,5,4,5,4,5,4,5,4,4,5,4,4,5,4,4,5,5,4,4,4,5,5,4
DK,Perempuan,17 - 25 tahun,Mahasiswa,< Rp1.000.000,7 - 12 bulan,Kurang dari 1 kali dalam seminggu,5,5,1,3,2,2,5,3,4,3,3,3,5,4,2,5,3,4,5,1,5,5,3,5,2,1,4,2,4,3,4,1,2,2,3,1
Jki,Perempuan,26 - 35 tahun,Lainnya,< Rp1.000.000,> 2 tahun,1 kali dalam sehari,4,1,1,5,1,1,2,5,4,3,2,5,4,3,2,2,3,1,4,1,2,1,5,3,1,5,3,3,5,5,3,5,2,4,5,1
MDt,Perempuan,17 - 25 tahun,Mahasiswa,< Rp1.000.000,7 - 12 bulan,Kurang dari 1 kali dalam seminggu,5,4,1,4,5,2,5,4,4,2,1,5,5,2,4,3,4,5,4,4,5,2,5,1,4,3,1,4,5,4,5,4,5,1,5,5
Sm,Laki-Laki,17 - 25 tahun,Mahasiswa,< Rp1.000.000,< 1 bulan,Kurang dari 1 kali dalam seminggu,5,4,4,5,5,2,4,5,5,4,5,4,4,5,4,4,5,4,5,5,5,4,4,4,5,4,4,4,4,4,4,5,5,5,5,5
Ec,Laki-Laki,17 - 25 tahun,Mahasiswa,< Rp1.000.000,< 1 bulan,4 - 6 dalam seminggu,5,5,5,4,4,3,5,4,5,4,4,4,4,4,4,5,5,4,4,5,4,5,5,4,4,4,4,5,5,5,5,4,5,5,5,5
GY,Laki-Laki,17 - 25 tahun,Mahasiswa,< Rp1.000.000,< 1 bulan,Kurang dari 1 kali dalam seminggu,5,4,4,5,5,1,4,5,5,4,5,4,5,4,5,5,4,4,4,5,5,5,4,5,5,5,4,4,5,5,4,4,4,5,5,5
kR,Perempuan,26 - 35 tahun,Mahasiswa,Rp1.000.001 - Rp5.000.000,1 - 6 bulan,Lebih dari 1 kali dalam sehari,1,5,2,1,2,4,5,1,1,4,4,5,4,4,4,5,2,2,5,3,3,4,2,4,5,2,2,3,5,3,4,3,5,4,5,5
AJ,Perempuan,17 - 25 tahun,Mahasiswa,< Rp1.000.000,1 - 2 tahun,1 - 3 dalam seminggu,5,5,5,5,4,3,5,4,5,5,5,5,4,5,5,4,5,5,5,4,5,4,5,4,4,5,5,4,4,4,4,4,4,4,4,4
wH,Laki-Laki,17 - 25 tahun,Mahasiswa,< Rp1.000.000,< 1 bulan,4 - 6 dalam seminggu,4,4,5,5,4,2,5,4,4,5,5,5,5,5,4,4,5,4,4,5,5,4,4,4,4,5,5,4,4,5,5,4,5,5,5,5
df,Laki-Laki,17 - 25 tahun,Tidak bekerja,< Rp1.000.000,1 - 2 tahun,4 - 6 dalam seminggu,3,2,3,2,1,1,5,4,2,4,5,2,4,5,4,2,5,3,4,2,3,4,2,3,4,1,1,3,4,1,3,4,3,5,3,1
MC,Perempuan,17 - 25 tahun,Mahasiswa,< Rp1.000.000,7 - 12 bulan,Lebih dari 1 kali dalam sehari,4,5,5,4,4,3,5,5,5,1,5,4,2,1,5,5,4,5,4,4,5,5,3,4,4,2,2,5,3,5,5,5,5,4,5,1
Mh,Perempuan,17 - 25 tahun,Mahasiswa,< Rp1.000.000,1 - 6 bulan,1 - 3 dalam seminggu,4,4,5,4,4,1,4,4,5,5,4,5,5,4,4,5,5,5,5,5,4,4,4,5,4,4,5,5,4,5,4,4,5,5,4,4
ns,Laki-Laki,>45 tahun,Karyawan Swasta,< Rp1.000.000,7 - 12 bulan,4 - 6 dalam seminggu,3,4,5,2,5,1,4,3,1,5,5,3,1,1,3,5,3,5,1,5,5,1,4,4,1,3,1,4,1,3,3,1,3,4,2,3
bd,Perempuan,17 - 25 tahun,Mahasiswa,< Rp1.000.000,1 - 2 tahun,4 - 6 dalam seminggu,4,5,4,4,4,3,5,5,4,5,5,4,5,5,5,4,4,4,5,5,5,5,5,5,5,5,5,4,4,5,4,5,4,4,5,4
ej,Laki-Laki,17 - 25 tahun,Mahasiswa,< Rp1.000.000,7 - 12 bulan,1 - 3 dalam seminggu,4,4,4,4,4,2,5,5,5,5,4,5,5,5,4,5,5,5,5,4,5,5,4,5,5,4,5,5,4,4,5,5,4,5,4,5
JcD,Perempuan,17 - 25 tahun,Mahasiswa,< Rp1.000.000,1 - 2 tahun,4 - 6 dalam seminggu,5,5,5,4,5,1,5,4,4,5,4,4,5,4,5,5,4,4,5,5,4,4,5,4,4,3,4,4,4,5,4,4,5,4,5,4
kA,Laki-Laki,17 - 25 tahun,Mahasiswa,< Rp1.000.000,< 1 bulan,4 - 6 dalam seminggu,4,5,5,4,4,3,5,4,5,5,5,5,4,5,5,4,5,4,4,4,5,4,5,5,4,4,4,4,5,5,5,5,5,5,5,5
WV,Laki-Laki,17 - 25 tahun,Mahasiswa,< Rp1.000.000,7 - 12 bulan,Lebih dari 1 kali dalam sehari,5,4,4,4,5,1,5,5,4,5,4,5,5,4,4,4,5,4,4,5,4,5,5,4,5,5,4,5,5,5,5,4,4,4,5,4
Ds,Perempuan,17 - 25 tahun,Mahasiswa,< Rp1.000.000,1 - 6 bulan,Kurang dari 1 kali dalam seminggu,4,4,4,5,4,2,4,5,4,4,4,4,4,5,5,4,5,4,4,4,5,4,5,4,5,4,4,5,5,5,5,5,4,5,4,4
Nw,Laki-Laki,17 - 25 tahun,Mahasiswa,< Rp1.000.000,7 - 12 bulan,Kurang dari 1 kali dalam seminggu,5,4,4,5,4,1,4,4,4,5,4,4,4,5,5,5,5,5,5,4,5,5,4,4,5,5,4,5,4,4,5,5,4,4,5,5
Dd,Perempuan,17 - 25 tahun,Mahasiswa,< Rp1.000.000,> 2 tahun,1 kali dalam sehari,2,4,1,1,1,3,2,3,4,5,5,4,4,3,3,2,1,2,4,5,5,2,4,3,5,5,5,5,5,4,1,2,4,2,5,3
LC,Laki-Laki,17 - 25 tahun,Mahasiswa,< Rp1.000.000,< 1 bulan,1 kali dalam sehari,4,5,2,4,4,1,1,4,4,5,5,5,1,4,5,1,4,5,5,4,5,4,2,1,2,2,3,5,4,4,5,4,2,2,4,1
GS,Laki-Laki,< 17 tahun,Tidak bekerja,< Rp1.000.000,1 - 2 tahun,4 - 6 dalam seminggu,1,5,5,1,4,2,3,5,3,3,5,1,2,5,1,4,2,1,2,1,4,3,2,4,1,4,3,4,4,2,3,1,4,2,2,4
Wm,Perempuan,26 - 35 tahun,Wiraswasta,> Rp15.000.000,7 - 12 bulan,Kurang dari 1 kali dalam seminggu,3,1,4,4,1,1,1,4,3,2,3,3,3,1,4,2,2,1,1,5,2,4,5,1,4,2,2,5,2,2,2,4,5,3,3,5
DlS,Perempuan,17 - 25 tahun,Mahasiswa,< Rp1.000.000,1 - 2 tahun,Lebih dari 1 kali dalam sehari,4,4,5,4,5,2,5,5,4,5,5,4,4,5,4,5,4,4,4,5,4,5,4,4,4,4,5,5,4,4,4,5,5,4,4,4
rHD,Perempuan,17 - 25 tahun,Mahasiswa,< Rp1.000.000,> 2 tahun,4 - 6 dalam seminggu,5,5,5,4,4,3,4,4,5,4,4,4,5,4,5,5,4,5,5,4,4,5,5,5,5,4,5,5,4,4,5,5,4,4,4,5
ss,Laki-Laki,17 - 25 tahun,Mahasiswa,< Rp1.000.000,1 - 6 bulan,Lebih dari 1 kali dalam sehari,4,4,4,4,4,3,4,5,4,5,5,5,4,5,5,4,5,5,4,5,5,4,5,5,5,4,5,5,5,5,4,5,5,4,4,5
Hpi,Perempuan,17 - 25 tahun,Mahasiswa,< Rp1.000.000,1 - 2 tahun,1 kali dalam sehari,4,5,5,5,4,2,4,5,5,4,5,4,5,5,5,4,5,4,4,5,5,4,4,5,4,4,4,5,4,4,4,4,5,5,4,5
Gd,Laki-Laki,36 - 45 tahun,Lainnya,Rp5.000.001 - Rp10.000.000,1 - 2 tahun,4 - 6 dalam seminggu,3,1,1,4,1,3,5,1,1,1,5,2,1,3,4,5,4,5,5,4,2,3,1,1,3,3,4,2,5,2,1,5,1,4,3,1
Ap,Laki-Laki,26 - 35 tahun,Mahasiswa,< Rp1.000.000,1 - 2 tahun,1 - 3 dalam seminggu,4,3,5,3,4,3,5,1,5,3,3,4,1,4,1,3,1,4,3,4,3,4,2,5,2,3,3,3,3,2,1,4,5,5,2,5
Mm,Perempuan,17 - 25 tahun,Mahasiswa,< Rp1.000.000,1 - 6 bulan,1 kali dalam sehari,5,5,4,4,5,2,4,5,5,4,5,4,5,5,5,5,4,5,5,5,5,4,5,5,5,3,4,5,4,4,5,4,5,5,5,4
lm,Perempuan,17 - 25 tahun,Mahasiswa,< Rp1.000.000,> 2 tahun,Kurang dari 1 kali dalam seminggu,5,5,5,5,4,1,4,4,4,5,5,5,4,5,5,4,4,4,5,4,4,4,5,5,4,5,4,4,5,5,5,5,4,5,4,4
Pk,Laki-Laki,17 - 25 tahun,Mahasiswa,< Rp1.000.000,< 1 bulan,Lebih dari 1 kali dalam sehari,5,4,5,5,4,1,5,4,5,5,4,5,4,5,5,4,5,4,4,4,4,4,4,4,4,5,4,4,5,4,4,4,4,4,4,5
Aj,Perempuan,17 - 25 tahun,Mahasiswa,< Rp1.000.000,> 2 tahun,Kurang dari 1 kali dalam seminggu,5,4,5,4,4,3,4,4,4,5,5,4,5,5,5,5,4,5,4,4,4,4,5,5,4,4,4,4,5,4,5,4,4,4,4,5
Bp,Laki-Laki,17 - 25 tahun,Mahasiswa,< Rp1.000.000,1 - 6 bulan,Lebih dari 1 kali dalam sehari,5,4,4,4,5,3,5,4,4,5,4,5,5,4,4,4,4,5,4,4,5,5,4,4,5,5,4,4,4,5,5,5,4,4,5,5
ea,Laki-Laki,17 - 25 tahun,Mahasiswa,< Rp1.000.000,< 1 bulan,Kurang dari 1 kali dalam seminggu,5,4,5,5,5,1,5,4,5,5,4,5,5,4,4,5,5,5,5,4,4,5,5,5,5,4,5,5,5,4,5,4,5,5,5,4
Jh,Laki-Laki,17 - 25 tahun,Mahasiswa,< Rp1.000.000,> 2 tahun,4 - 6 dalam seminggu,4,5,4,5,4,1,4,4,5,5,5,4,4,5,4,5,4,5,4,5,4,4,4,4,4,5,4,5,4,5,5,5,4,5,4,4
Jm,Laki-Laki,17 - 25 tahun,Mahasiswa,< Rp1.000.000,1 - 6 bulan,4 - 6 dalam seminggu,5,4,1,4,2,1,4,3,4,3,5,5,5,2,3,3,2,4,3,1,5,5,1,2,2,4,2,1,4,5,1,1,5,3,5,1
Rm,Laki-Laki,17 - 25 tahun,Mahasiswa,< Rp1.000.000,> 2 tahun,Lebih dari 1 kali dalam sehari,5,5,5,5,5,1,4,5,5,4,4,4,5,5,5,5,5,5,5,4,5,4,4,4,5,5,4,4,5,5,4,4,5,4,5,5
Cs,Laki-Laki,17 - 25 tahun,Mahasiswa,< Rp1.000.000,7 - 12 bulan,Lebih dari 1 kali dalam sehari,2,5,3,4,5,1,3,4,4,2,3,5,4,5,4,1,5,5,2,5,5,2,2,3,3,1,2,5,1,4,4,3,2,1,4,2
Rr,Perempuan,17 - 25 tahun,Mahasiswa,< Rp1.000.000,7 - 12 bulan,Kurang dari 1 kali dalam seminggu,3,5,5,2,1,3,5,3,4,1,4,4,5,4,4,1,1,4,5,4,4,4,5,2,3,2,5,3,4,4,4,1,3,5,5,1
drP,Perempuan,17 - 25 tahun,Mahasiswa,< Rp1.000.000,7 - 12 bulan,1 - 3 dalam seminggu,4,4,4,5,4,1,5,5,4,4,5,4,4,4,4,5,4,5,4,5,4,5,5,4,4,5,5,5,5,4,4,5,4,5,4,4
cc,Perempuan,17 - 25 tahun,Mahasiswa,< Rp1.000.000,< 1 bulan,Kurang dari 1 kali dalam seminggu,4,5,5,4,4,3,5,4,4,5,5,4,4,4,5,5,5,5,4,5,5,4,4,5,5,4,4,4,5,5,5,5,5,4,5,5
ph,Perempuan,26 - 35 tahun,Mahasiswa,< Rp1.000.000,< 1 bulan,Lebih dari 1 kali dalam sehari,4,4,3,3,1,4,5,2,2,2,5,4,3,1,1,5,2,2,5,5,4,2,3,4,3,1,2,5,5,1,4,5,3,2,5,4
Wd,Laki-Laki,17 - 25 tahun,Mahasiswa,< Rp1.000.000,< 1 bulan,1 kali dalam sehari,5,4,2,1,4,2,4,3,5,5,5,5,1,1,3,5,5,4,4,5,5,2,4,5,2,1,1,2,4,3,1,2,2,2,5,2
cf,Perempuan,17 - 25 tahun,Mahasiswa,< Rp1.000.000,1 - 2 tahun,1 kali dalam sehari,4,5,5,4,4,2,5,4,4,5,5,5,5,4,5,5,5,5,4,5,4,5,4,5,5,4,5,4,5,4,4,4,5,5,4,4
nW,Laki-Laki,17 - 25 tahun,Mahasiswa,< Rp1.000.000,1 - 6 bulan,Kurang dari 1 kali dalam seminggu,4,4,3,5,4,2,4,4,5,4,1,4,3,2,4,4,5,4,5,4,4,4,1,4,4,2,2,4,5,4,5,4,4,4,5,5
DMj,Perempuan,17 - 25 tahun,Mahasiswa,< Rp1.000.000,> 2 tahun,1 - 3 dalam seminggu,3,1,5,4,1,1,5,5,1,3,3,5,3,5,5,3,2,3,2,2,4,3,1,1,2,4,3,4,1,4,1,1,4,1,1,5
dc,Perempuan,17 - 25 tahun,Mahasiswa,< Rp1.000.000,< 1 bulan,1 - 3 dalam seminggu,5,5,5,4,5,2,4,5,4,5,5,5,4,4,5,4,5,5,5,4,5,5,5,4,5,4,4,4,5,4,4,4,4,5,5,4
pf,Perempuan,17 - 25 tahun,Mahasiswa,< Rp1.000.000,< 1 bulan,1 kali dalam sehari,5,4,4,5,5,3,4,5,5,4,5,4,4,4,5,4,4,4,4,5,4,5,4,4,5,5,4,5,4,5,4,5,5,5,4,5
suJ,Perempuan,17 - 25 tahun,Mahasiswa,< Rp1.000.000,1 - 2 tahun,1 - 3 dalam seminggu,4,4,5,5,5,2,4,4,5,5,4,4,5,4,4,4,5,5,4,4,4,5,4,5,5,4,4,4,4,4,4,5,5,4,5,4
jh,Laki-Laki,17 - 25 tahun,Mahasiswa,< Rp1.000.000,1 - 2 tahun,4 - 6 dalam seminggu,4,5,4,5,5,2,5,4,4,5,4,4,5,4,5,4,5,5,5,4,4,5,5,5,5,4,4,4,4,5,4,4,4,5,5,4
lR,Laki-Laki,>45 tahun,Tidak bekerja,< Rp1.000.000,< 1 bulan,4 - 6 dalam seminggu,4,3,1,3,3,2,3,3,5,4,1,5,3,3,3,3,5,2,3,4,4,3,3,3,4,5,2,3,2,2,3,4,3,1,4,4
gt,Laki-Laki,17 - 25 tahun,Mahasiswa,< Rp1.000.000,> 2 tahun,1 - 3 dalam seminggu,4,4,2,4,4,1,5,5,5,2,3,4,1,2,5,4,4,5,4,5,5,5,2,2,1,2,5,2,5,4,4,5,5,1,4,5
SK,Laki-Laki,17 - 25 tahun,Mahasiswa,< Rp1.000.000,< 1 bulan,4 - 6 dalam seminggu,5,5,4,5,4,1,4,4,4,4,4,4,5,5,5,5,4,5,4,4,5,4,5,4,4,1,4,5,4,5,5,4,4,4,4,4
kH,Perempuan,>45 tahun,Pegawai Negeri Sipil (PNS)/TNI/POLRI,Rp1.000.001 - Rp5.000.000,1 - 6 bulan,Kurang dari 1 kali dalam seminggu,2,4,3,2,1,5,2,4,2,4,1,4,4,2,4,5,5,1,5,1,1,3,2,4,3,5,2,2,5,1,4,5,4,3,2,2
smd,Perempuan,17 - 25 tahun,Mahasiswa,< Rp1.000.000,< 1 bulan,1 kali dalam sehari,4,4,2,4,4,3,3,1,5,2,2,1,3,5,2,2,3,3,1,4,5,4,1,2,5,4,1,3,4,5,3,1,4,2,4,2
Rf,Perempuan,17 - 25 tahun,Mahasiswa,< Rp1.000.000,7 - 12 bulan,Lebih dari 1 kali dalam sehari,5,5,1,4,4,2,4,5,4,2,4,5,1,5,5,5,4,5,4,4,4,5,1,5,4,3,3,5,3,4,4,5,4,5,4,2
malI,Perempuan,17 - 25 tahun,Mahasiswa,< Rp1.000.000,1 - 2 tahun,4 - 6 dalam seminggu,4,4,4,4,4,3,3,4,5,5,2,5,2,4,2,3,4,4,5,4,4,1,4,3,3,3,4,2,4,4,3,4,5,1,5,4
dB,Laki-Laki,17 - 25 tahun,Mahasiswa,< Rp1.000.000,< 1 bulan,1 kali dalam sehari,5,5,5,4,5,2,5,4,4,5,4,4,4,5,4,5,4,5,4,4,4,4,5,4,4,5,4,5,5,4,5,5,5,4,4,4
Tp,Perempuan,< 17 tahun,Pelajar (SD/SMP/SMA),< Rp1.000.000,< 1 bulan,1 kali dalam sehari,3,3,3,5,4,4,3,4,4,2,2,1,4,2,4,3,3,4,2,4,4,5,4,2,4,2,2,5,1,3,3,5,5,5,1,3
hRI,Perempuan,36 - 45 tahun,Wiraswasta,Rp10.000.001 - Rp15.000.000,7 - 12 bulan,Kurang dari 1 kali dalam seminggu,2,2,2,1,3,3,1,4,5,4,4,3,3,2,3,2,4,1,2,4,3,3,3,5,2,5,5,5,5,2,4,2,5,3,1,4
Lom,Perempuan,17 - 25 tahun,Mahasiswa,< Rp1.000.000,> 2 tahun,Kurang dari 1 kali dalam seminggu,5,4,4,4,5,2,1,4,5,5,3,4,2,4,1,1,5,5,5,4,4,4,3,1,4,4,4,3,1,5,4,5,5,4,5,5
jmp,Laki-Laki,17 - 25 tahun,Mahasiswa,< Rp1.000.000,< 1 bulan,1 - 3 dalam seminggu,4,5,5,4,5,3,5,4,5,5,5,4,4,5,5,4,5,4,5,4,4,4,5,5,5,5,5,5,5,4,4,5,4,4,5,4
Js,Laki-Laki,17 - 25 tahun,Mahasiswa,< Rp1.000.000,1 - 6 bulan,4 - 6 dalam seminggu,1,5,3,2,4,2,3,5,5,1,1,3,4,1,3,5,4,3,4,2,1,3,5,3,2,4,2,5,4,3,3,1,4,2,5,5
Pr,Perempuan,17 - 25 tahun,Mahasiswa,< Rp1.000.000,1 - 2 tahun,1 - 3 dalam seminggu,4,4,2,2,5,1,1,4,2,1,1,2,4,5,3,1,2,2,2,2,4,3,5,1,3,5,1,3,4,1,3,5,1,1,5,2
AW,Laki-Laki,17 - 25 tahun,Mahasiswa,< Rp1.000.000,> 2 tahun,Kurang dari 1 kali dalam seminggu,4,4,5,5,4,2,5,4,5,5,4,5,5,5,5,5,4,5,4,4,5,4,5,4,5,4,4,5,4,4,5,4,5,4,5,5
HK,Perempuan,17 - 25 tahun,Mahasiswa,< Rp1.000.000,< 1 bulan,Lebih dari 1 kali dalam sehari,5,5,5,5,5,3,5,5,5,4,5,5,4,4,5,5,5,5,4,5,4,4,5,4,4,5,5,4,5,5,4,5,4,4,5,5
Cs,Perempuan,17 - 25 tahun,Mahasiswa,< Rp1.000.000,7 - 12 bulan,4 - 6 dalam seminggu,4,4,5,5,4,3,4,4,5,5,4,5,4,5,5,4,4,5,4,5,4,5,5,5,5,2,5,5,5,5,5,5,5,4,5,4
rBd,Laki-Laki,17 - 25 tahun,Mahasiswa,< Rp1.000.000,< 1 bulan,4 - 6 dalam seminggu,5,5,4,5,4,2,4,4,4,4,5,5,4,4,4,5,4,4,5,5,5,5,5,4,5,5,4,4,4,4,5,4,5,4,5,4
DK,Perempuan,17 - 25 tahun,Mahasiswa,< Rp1.000.000,< 1 bulan,1 - 3 dalam seminggu,5,4,4,5,4,3,4,5,5,5,4,5,4,4,5,5,5,5,5,5,5,4,4,5,5,5,5,4,4,5,4,4,4,4,5,5
MMc,Perempuan,17 - 25 tahun,Mahasiswa,< Rp1.000.000,7 - 12 bulan,Kurang dari 1 kali dalam seminggu,5,5,5,5,4,2,4,4,5,5,4,5,5,4,4,5,5,5,4,5,5,5,5,4,5,4,4,5,4,5,5,5,5,4,4,4
KRD,Perempuan,>45 tahun,Karyawan BUMN,> Rp15.000.000,1 - 6 bulan,Lebih dari 1 kali dalam sehari,5,1,2,5,4,2,2,4,3,3,1,3,3,5,3,5,1,1,1,2,5,1,3,5,4,5,2,2,5,3,5,5,1,1,5,4
VL,Perempuan,17 - 25 tahun,Mahasiswa,< Rp1.000.000,1 - 6 bulan,4 - 6 dalam seminggu,4,5,4,5,5,1,4,5,5,4,5,4,4,5,4,5,5,5,5,5,5,4,4,4,5,5,5,4,5,5,4,5,5,4,5,4
ek,Laki-Laki,17 - 25 tahun,Mahasiswa,< Rp1.000.000,< 1 bulan,1 - 3 dalam seminggu,5,4,4,5,5,2,4,5,5,4,5,5,5,4,5,5,4,4,4,4,5,5,5,4,4,4,5,5,5,5,5,4,4,4,4,5
AM,Laki-Laki,26 - 35 tahun,Karyawan BUMN,Rp5.000.001 - Rp10.000.000,< 1 bulan,4 - 6 dalam seminggu,5,5,2,2,3,4,5,5,5,1,3,2,3,4,4,5,2,1,2,5,3,5,3,2,3,3,2,5,5,2,1,2,1,4,5,5
RF,Laki-Laki,17 - 25 tahun,Mahasiswa,< Rp1.000.000,1 - 2 tahun,4 - 6 dalam seminggu,4,4,1,2,5,1,3,5,4,1,2,4,3,2,5,4,4,4,4,4,4,5,1,3,5,4,1,2,2,4,4,4,1,3,5,1
BB,Laki-Laki,17 - 25 tahun,Mahasiswa,< Rp1.000.000,> 2 tahun,4 - 6 dalam seminggu,5,5,5,4,5,2,5,5,4,5,5,4,4,4,5,4,4,4,5,5,5,5,4,5,4,5,4,4,4,5,5,4,5,5,4,5
jO,Laki-Laki,17 - 25 tahun,Mahasiswa,< Rp1.000.000,> 2 tahun,Lebih dari 1 kali dalam sehari,5,5,4,5,4,1,5,5,5,5,4,5,5,5,4,4,5,4,4,5,4,4,4,5,5,4,5,4,5,4,4,5,5,4,4,4
Ba,Laki-Laki,17 - 25 tahun,Mahasiswa,< Rp1.000.000,< 1 bulan,1 - 3 dalam seminggu,5,5,5,5,4,3,5,5,5,1,5,4,4,5,4,4,4,4,5,4,4,4,4,4,4,3,1,4,3,5,4,4,4,4,4,2
mWdI,Perempuan,17 - 25 tahun,Mahasiswa,< Rp1.000.000,< 1 bulan,1 - 3 dalam seminggu,4,5,3,4,4,2,3,4,4,5,3,4,2,5,4,2,5,5,5,5,4,5,4,4,5,4,4,5,3,5,4,5,4,4,4,4
KzS,Laki-Laki,17 - 25 tahun,Mahasiswa,< Rp1.000.000,7 - 12 bulan,1 - 3 dalam seminggu,5,4,2,5,5,1,3,4,5,2,3,4,4,1,3,4,4,5,4,4,5,2,3,4,2,1,3,2,5,5,4,5,2,2,5,2
es,Perempuan,17 - 25 tahun,Mahasiswa,< Rp1.000.000,1 - 6 bulan,1 - 3 dalam seminggu,4,5,5,4,5,1,5,4,5,5,4,4,5,5,5,4,5,5,5,4,4,5,4,5,4,4,5,4,5,5,4,5,5,4,5,5
cWV,Perempuan,17 - 25 tahun,Mahasiswa,< Rp1.000.000,7 - 12 bulan,1 - 3 dalam seminggu,4,5,5,5,5,3,5,5,5,4,5,4,5,4,4,5,4,5,5,4,4,5,5,5,4,4,5,4,5,4,5,4,5,4,5,5
Cp,Laki-Laki,17 - 25 tahun,Mahasiswa,< Rp1.000.000,1 - 6 bulan,Lebih dari 1 kali dalam sehari,4,4,5,4,4,3,5,4,5,5,5,4,5,4,4,5,5,5,4,4,4,5,5,4,4,5,5,4,4,5,4,4,5,5,4,5
Cb,Perempuan,17 - 25 tahun,Mahasiswa,< Rp1.000.000,7 - 12 bulan,Kurang dari 1 kali dalam seminggu,4,5,5,5,5,2,5,5,4,5,4,5,5,4,5,4,5,5,5,4,5,5,4,5,5,5,4,5,4,4,4,5,4,4,4,5
mrk,Laki-Laki,36 - 45 tahun,Wiraswasta,Rp1.000.001 - Rp5.000.000,> 2 tahun,4 - 6 dalam seminggu,5,4,3,2,4,3,3,2,3,4,3,3,4,5,1,4,1,5,4,5,3,5,5,5,3,3,5,1,1,4,3,2,2,2,4,1
McK,Laki-Laki,17 - 25 tahun,Mahasiswa,< Rp1.000.000,1 - 6 bulan,Lebih dari 1 kali dalam sehari,4,5,2,2,5,3,5,5,3,1,2,4,1,5,2,3,4,2,3,5,4,4,4,3,4,3,2,5,4,2,3,2,2,5,4,4
Lk,Perempuan,17 - 25 tahun,Mahasiswa,< Rp1.000.000,1 - 6 bulan,1 kali dalam sehari,4,4,4,4,4,1,5,4,4,4,4,5,4,4,5,5,5,5,4,5,4,4,4,5,4,4,4,5,4,5,5,4,4,4,4,5
Lj,Perempuan,17 - 25 tahun,Mahasiswa,< Rp1.000.000,1 - 2 tahun,Lebih dari 1 kali dalam sehari,4,4,5,4,4,1,4,5,4,4,5,4,5,4,5,4,5,4,4,4,4,5,5,5,5,5,4,4,4,4,4,5,5,5,5,4
dn,Laki-Laki,36 - 45 tahun,Wiraswasta,Rp5.000.001 - Rp10.000.000,1 - 6 bulan,Kurang dari 1 kali dalam seminggu,3,4,4,3,3,3,5,5,4,1,3,1,5,2,2,3,3,5,1,2,1,4,5,4,1,4,4,2,2,2,3,4,2,4,4,5
Rs,Perempuan,17 - 25 tahun,Mahasiswa,< Rp1.000.000,7 - 12 bulan,4 - 6 dalam seminggu,4,5,5,5,4,1,5,4,4,4,4,4,5,4,4,5,5,4,4,4,5,4,5,4,4,5,4,4,4,5,4,5,5,5,4,5
Km,Perempuan,17 - 25 tahun,Mahasiswa,< Rp1.000.000,> 2 tahun,1 - 3 dalam seminggu,4,4,5,5,5,1,4,5,5,5,4,5,4,4,4,4,4,4,5,5,5,5,5,4,5,4,5,4,5,5,5,5,5,5,4,4
mn,Perempuan,17 - 25 tahun,Mahasiswa,< Rp1.000.000,7 - 12 bulan,Kurang dari 1 kali dalam seminggu,5,5,4,4,4,2,4,5,5,4,5,4,4,5,4,5,4,4,5,5,4,5,5,5,5,4,5,4,4,4,5,5,4,5,5,4
kM,Perempuan,17 - 25 tahun,Mahasiswa,< Rp1.000.000,< 1 bulan,4 - 6 dalam seminggu,5,4,5,4,5,1,4,4,4,5,4,5,4,5,4,5,5,5,5,4,5,4,4,5,4,4,4,4,5,4,5,5,4,4,4,5
RD,Perempuan,36 - 45 tahun,Lainnya,Rp5.000.001 - Rp10.000.000,1 - 2 tahun,1 - 3 dalam seminggu,1,4,1,1,4,4,2,5,5,5,2,3,2,3,4,1,5,5,3,2,3,5,1,4,2,4,1,1,2,5,4,1,1,4,3,3
Nps,Laki-Laki,17 - 25 tahun,Mahasiswa,< Rp1.000.000,7 - 12 bulan,Kurang dari 1 kali dalam seminggu,4,4,5,5,5,1,4,5,5,5,5,5,5,5,4,4,4,5,4,5,5,4,5,5,4,4,4,5,5,5,4,5,4,4,4,5
mr,Perempuan,17 - 25 tahun,Mahasiswa,< Rp1.000.000,< 1 bulan,Lebih dari 1 kali dalam sehari,5,4,5,5,5,2,4,4,4,5,4,4,4,4,5,5,5,5,5,5,5,5,4,5,4,4,4,5,4,5,5,4,4,5,5,5
ws,Perempuan,17 - 25 tahun,Mahasiswa,< Rp1.000.000,1 - 2 tahun,1 kali dalam sehari,3,5,2,3,3,1,5,5,4,1,1,2,1,4,4,2,4,2,3,4,2,5,4,2,2,5,2,3,5,2,5,4,1,5,4,3
CF,Laki-Laki,17 - 25 tahun,Mahasiswa,< Rp1.000.000,> 2 tahun,Kurang dari 1 kali dalam seminggu,5,4,4,4,4,1,4,5,5,4,4,4,5,4,4,4,5,5,5,4,4,4,4,5,4,5,4,5,4,5,5,4,5,4,4,5
KK,Perempuan,17 - 25 tahun,Mahasiswa,< Rp1.000.000,> 2 tahun,Lebih dari 1 kali dalam sehari,4,4,5,5,4,1,4,5,4,4,5,4,4,5,5,5,4,5,4,5,4,4,5,5,5,4,4,4,5,4,5,5,5,4,4,4
Hc,Laki-Laki,17 - 25 tahun,Mahasiswa,< Rp1.000.000,< 1 bulan,Kurang dari 1 kali dalam seminggu,4,5,4,5,4,1,5,5,4,5,4,5,5,5,4,4,4,5,5,5,4,5,5,5,4,4,4,4,5,4,5,4,4,4,5,4
jZ,Perempuan,17 - 25 tahun,Mahasiswa,< Rp1.000.000,1 - 6 bulan,4 - 6 dalam seminggu,1,5,2,2,2,2,5,2,5,1,2,5,1,4,5,2,1,2,3,3,4,1,3,3,3,5,4,5,5,1,1,2,5,2,2,1
ebI,Laki-Laki,17 - 25 tahun,Mahasiswa,< Rp1.000.000,1 - 2 tahun,1 - 3 dalam seminggu,4,5,3,4,4,1,3,4,4,1,5,4,4,5,4,4,4,4,4,4,4,4,1,4,2,4,2,1,2,5,4,4,5,3,4,4
cb,Laki-Laki,17 - 25 tahun,Mahasiswa,< Rp1.000.000,1 - 6 bulan,1 kali dalam sehari,5,4,4,5,4,1,5,5,5,4,4,5,4,5,4,5,5,5,4,5,4,5,5,5,5,1,3,5,5,5,5,5,5,4,4,5
Ca,Perempuan,17 - 25 tahun,Mahasiswa,< Rp1.000.000,1 - 2 tahun,1 kali dalam sehari,5,5,4,4,4,2,5,4,5,5,4,5,4,4,5,5,4,5,4,4,5,5,4,5,5,2,5,4,5,5,4,4,4,5,5,3
Dr,Perempuan,17 - 25 tahun,Mahasiswa,< Rp1.000.000,> 2 tahun,4 - 6 dalam seminggu,4,4,5,4,5,1,4,4,5,5,4,5,5,5,4,4,4,5,4,4,4,5,5,4,5,4,4,4,5,5,4,5,5,4,4,4
sF,Perempuan,17 - 25 tahun,Mahasiswa,< Rp1.000.000,1 - 2 tahun,Kurang dari 1 kali dalam seminggu,5,4,3,4,4,3,4,5,5,1,1,5,5,1,4,2,4,4,5,5,4,4,2,1,2,1,5,4,5,5,5,5,5,4,4,3
aB,Perempuan,17 - 25 tahun,Mahasiswa,< Rp1.000.000,1 - 2 tahun,Kurang dari 1 kali dalam seminggu,2,4,1,5,4,2,3,1,4,1,2,4,5,2,4,2,2,3,5,5,5,3,3,3,4,3,5,4,2,4,1,2,4,3,4,3
RM,Perempuan,17 - 25 tahun,Mahasiswa,< Rp1.000.000,1 - 2 tahun,4 - 6 dalam seminggu,4,4,2,3,2,1,3,2,5,3,3,1,1,5,2,5,2,1,5,3,4,5,1,2,3,5,3,3,1,4,5,2,4,4,1,1
mO,Laki-Laki,17 - 25 tahun,Mahasiswa,< Rp1.000.000,1 - 6 bulan,4 - 6 dalam seminggu,4,5,4,4,5,2,4,5,4,4,5,5,4,5,5,5,4,4,5,5,4,4,4,5,5,4,5,5,5,4,5,5,4,4,5,4
wC,Laki-Laki,17 - 25 tahun,Mahasiswa,< Rp1.000.000,> 2 tahun,Kurang dari 1 kali dalam seminggu,5,5,5,4,2,1,1,5,4,5,5,4,2,5,1,2,2,5,4,1,2,2,4,5,3,5,3,4,1,5,2,2,3,2,2,5
Jci,Perempuan,17 - 25 tahun,Mahasiswa,< Rp1.000.000,7 - 12 bulan,1 kali dalam sehari,3,2,5,3,5,2,1,5,4,3,5,3,3,4,5,4,1,3,4,1,5,3,2,5,3,1,4,1,4,1,2,4,2,4,2,3
Dm,Laki-Laki,17 - 25 tahun,Mahasiswa,< Rp1.000.000,> 2 tahun,1 kali dalam sehari,5,5,4,4,5,3,4,5,4,5,5,5,4,5,4,4,4,4,5,5,4,5,4,5,5,1,5,4,4,5,4,5,4,5,4,4
mAD,Laki-Laki,17 - 25 tahun,Mahasiswa,< Rp1.000.000,< 1 bulan,1 - 3 dalam seminggu,5,5,4,5,5,3,4,5,5,5,4,5,5,5,5,4,4,4,5,5,4,5,5,4,5,4,4,4,5,5,5,5,5,4,4,5
ga,Perempuan,17 - 25 tahun,Mahasiswa,< Rp1.000.000,1 - 6 bulan,Lebih dari 1 kali dalam sehari,4,4,3,5,5,2,4,4,5,5,1,4,2,1,4,2,4,5,5,5,4,2,5,1,3,2,2,3,2,4,3,4,1,2,5,1
IC,Perempuan,17 - 25 tahun,Mahasiswa,< Rp1.000.000,1 - 6 bulan,1 - 3 dalam seminggu,4,5,5,4,4,1,4,5,4,1,1,5,2,2,4,1,4,5,4,4,4,4,2,4,5,1,3,3,1,4,4,4,5,5,5,4
dLn,Laki-Laki,17 - 25 tahun,"Pelajar (SD/SMP/SMA),Mahasiswa",> Rp15.000.000,1 - 2 tahun,Kurang dari 1 kali dalam seminggu,5,3,3,3,5,3,4,4,5,3,5,4,2,1,5,4,1,2,2,1,1,4,2,1,3,2,1,1,4,2,1,5,1,3,5,2
JM,Perempuan,17 - 25 tahun,Mahasiswa,< Rp1.000.000,1 - 2 tahun,Lebih dari 1 kali dalam sehari,5,5,5,5,5,3,4,4,4,4,4,4,4,5,4,5,5,4,5,5,4,4,5,4,5,4,5,5,5,5,5,4,5,5,4,4
